"id","age","sex","duration","vignette","n","structure","normality","rating","confidence"
1100720913,25,"Female",173,"R",3,"C","A",26,52
1100927061,36,"Female",155,"Se",4,"D","A",95,100
1102734934,56,"Male",293,"Se",1,"C","A",90,65
1104256733,45,"Female",131,"E",1,"C","A",100,100
1104450777,27,"Female",152,"Se",2,"C","A",97,100
1106069687,48,"Female",73,"G",4,"C","A",100,100
1109502638,32,"Female",97,"E",2,"C","N",0,100
1113791742,34,"Male",118,"R",2,"D","A",100,86
1115271657,34,"Male",84,"Se",2,"D","A",59,94
1115531697,47,"Female",141,"C",2,"D","N",97,97
1119083610,22,"Male",59,"C",2,"D","A",0,100
1120586436,33,"Female",83,"St",3,"C","A",54,25
1120658272,25,"Female",229,"St",4,"C","A",75,64
1122339258,35,"Female",93,"E",1,"D","A",85,81
1122358701,22,"Male",128,"St",3,"D","A",64,100
1122888607,31,"Female",285,"St",3,"C","A",77,77
1122957056,33,"Male",70,"E",3,"C","A",35,94
1123293831,63,"Male",200,"St",4,"D","A",25,80
1124641256,23,"Male",26,"R",3,"C","A",85,40
1124935017,25,"Male",77,"St",2,"D","N",45,74
1127187183,45,"Male",151,"St",4,"D","A",53,55
1127658464,36,"Male",166,"R",4,"D","A",100,100
1128274211,29,"Male",69,"St",3,"D","A",84,66
1132182469,41,"Female",87,"G",2,"C","N",52,100
1139970046,33,"Male",207,"St",2,"D","A",95,81
1140507391,38,"Female",236,"E",1,"C","A",100,100
1144146410,42,"Female",272,"E",1,"C","N",0,100
1144298784,46,"Female",156,"St",1,"C","N",93,90
1145206394,38,"Female",101,"St",2,"C","A",83,85
1145367019,30,"Female",731,"St",3,"D","N",82,100
1147348751,33,"Female",138,"Se",3,"C","A",74,63
1147913016,67,"Female",86,"St",1,"D","A",88,87
1152371121,28,"Male",52,"Se",1,"D","A",66,78
1152501964,28,"Female",93,"R",2,"D","A",100,100
1155290476,72,"Male",108,"St",2,"C","N",52,53
1155931172,46,"Female",93,"C",1,"D","N",80,65
1157014744,31,"Male",269,"St",3,"C","A",58,95
1157501330,56,"Female",85,"St",4,"C","A",89,73
1164229791,39,"Male",54,"St",1,"C","N",67,38
1166850081,34,"Male",100,"Se",3,"D","N",57,74
1169238312,37,"Female",101,"Se",1,"C","N",100,100
1169285293,31,"Male",130,"E",3,"D","N",100,82
1169456671,26,"Male",105,"E",4,"D","N",17,100
1171285688,59,"Male",163,"St",3,"C","N",77,100
1172677684,24,"Female",115,"Se",1,"D","N",100,76
1172948186,36,"Male",77,"G",4,"C","N",11,99
1175190232,29,"Male",81,"St",3,"D","N",0,100
1176311606,26,"Female",117,"Se",2,"C","A",97,84
1176372901,34,"Male",126,"E",2,"C","N",0,100
1179106340,25,"Male",74,"R",3,"D","A",65,77
1179703035,42,"Female",53,"R",1,"D","N",73,82
1179925071,38,"Male",58,"G",1,"C","N",56,68
1180647346,42,"Female",300,"St",4,"C","N",63,24
1180748176,47,"Female",136,"C",1,"D","N",100,100
1182357008,24,"Female",188,"R",2,"C","A",100,100
1182816281,54,"Female",166,"Se",3,"D","A",73,84
1184041714,36,"Male",74,"E",3,"C","N",67,75
1184455854,33,"Female",75,"G",4,"D","A",10,100
1185849945,53,"Male",102,"R",2,"D","N",45,100
1186790492,28,"Female",111,"R",1,"D","A",100,99
1187226784,37,"Male",71,"E",3,"C","A",97,89
1187915484,48,"Male",120,"E",1,"C","A",100,100
1188657931,28,"Female",382,"Se",3,"C","A",83,99
1188729183,42,"Female",259,"G",1,"D","N",51,38
1188773720,30,"Female",68,"Se",4,"D","N",63,36
1190340815,35,"Male",118,"E",3,"D","N",100,95
1193309629,33,"Female",94,"St",4,"D","A",58,41
1193837861,42,"Female",230,"E",4,"D","N",20,58
1194346801,30,"Male",153,"R",1,"D","A",85,80
1194584007,27,"Female",118,"E",4,"D","A",95,93
1194790744,25,"Male",672,"R",2,"C","N",62,76
1195854697,38,"Male",122,"St",4,"C","A",23,89
1196619000,56,"Male",507,"G",1,"D","A",96,95
1199179151,61,"Male",64,"C",3,"D","N",93,100
1201071039,53,"Male",140,"Se",4,"C","A",100,100
1201404042,30,"Male",119,"E",4,"C","N",65,78
1201504308,34,"Male",53,"C",2,"D","N",69,89
1203331061,35,"Female",59,"E",4,"C","N",80,76
1203393305,70,"Male",130,"G",1,"C","A",100,91
1203876278,53,"Male",94,"Se",4,"C","A",100,100
1207150693,33,"Male",93,"G",1,"C","A",100,100
1207714925,46,"Female",106,"Se",1,"D","A",78,51
1208395479,56,"Male",72,"R",3,"C","A",100,100
1208423357,32,"Female",179,"St",4,"C","N",25,72
1208468595,35,"Female",80,"Se",4,"C","N",87,85
1208737988,38,"Male",104,"Se",3,"C","N",31,89
1208906488,25,"Female",82,"St",3,"C","N",27,100
1208985181,36,"Female",84,"G",2,"D","A",96,79
1209339530,48,"Male",267,"E",1,"D","A",100,56
1210282743,31,"Female",81,"R",4,"D","N",100,100
1210408809,36,"Male",174,"E",3,"D","N",100,100
1210454552,26,"Female",42,"R",3,"C","N",81,58
1211256341,29,"Female",94,"St",2,"D","N",63,73
1211678545,36,"Male",200,"St",2,"D","A",83,97
1211697899,30,"Male",45,"E",2,"D","N",100,100
1214056958,24,"Female",971,"E",1,"C","A",100,100
1216062011,39,"Female",95,"R",2,"D","N",100,100
1221192157,51,"Female",126,"R",3,"D","N",100,100
1222862879,27,"Female",72,"R",2,"C","N",81,50
1223536939,27,"Male",148,"Se",3,"D","A",100,0
1224366953,46,"Female",88,"G",1,"C","N",100,99
1226771775,28,"Male",35,"G",2,"D","N",68,89
1227590117,29,"Male",141,"St",2,"C","A",49,100
1229799914,35,"Female",75,"E",3,"C","N",69,79
1230171268,40,"Male",76,"St",4,"C","N",51,9
1231087725,28,"Female",72,"C",3,"D","A",71,93
1233247999,27,"Female",62,"E",1,"C","N",100,100
1233916472,35,"Male",267,"E",2,"D","A",92,98
1235109248,27,"Female",218,"G",1,"C","A",100,19
1235236379,24,"Female",472,"St",1,"D","A",100,100
1237277365,26,"Male",155,"E",3,"D","N",19,95
1238547958,31,"Male",32,"E",2,"D","N",82,38
1239204877,25,"Female",68,"R",3,"D","A",6,100
1240000262,26,"Female",70,"G",4,"C","A",31,100
1244801467,39,"Female",84,"G",2,"D","N",100,100
1246270641,24,"Male",102,"C",3,"D","N",100,100
1248543790,33,"Female",220,"G",4,"D","A",75,62
1252367184,29,"Male",50,"G",3,"C","A",71,57
1252610078,56,"Female",107,"E",2,"C","N",64,88
1254092830,47,"Female",249,"E",3,"D","A",92,100
1254903543,46,"Female",174,"Se",1,"D","N",100,100
1258353367,26,"Female",70,"C",1,"D","A",98,100
1259822684,29,"Female",65,"E",4,"C","A",100,100
1260890761,23,"Male",199,"C",4,"D","A",76,76
1261281258,31,"Male",224,"Se",4,"C","N",68,100
1261655489,44,"Female",156,"R",4,"D","N",74,57
1261861276,35,"Male",51,"R",3,"C","N",100,100
1262835499,29,"Male",163,"G",2,"D","A",75,85
1264072836,28,"Female",90,"R",2,"D","N",63,89
1264398637,38,"Male",116,"E",2,"D","A",94,86
1264463742,33,"Male",71,"St",2,"D","A",100,83
1265214634,30,"Male",283,"G",3,"D","N",83,95
1268559120,43,"Male",70,"C",1,"D","N",100,74
1270639506,26,"Male",52,"E",1,"C","A",68,74
1270790769,35,"Male",35,"R",4,"D","A",73,66
1271809756,25,"Female",122,"G",1,"D","A",100,100
1271986329,40,"Male",131,"E",1,"C","A",100,100
1271986948,47,"Female",159,"R",3,"D","A",44,16
1272360760,33,"Male",66,"St",4,"D","A",98,97
1272674541,22,"Male",156,"Se",3,"D","N",51,51
1274115068,40,"Male",253,"Se",1,"D","A",100,100
1275706596,37,"Female",90,"Se",1,"D","N",94,49
1276492958,54,"Female",89,"E",3,"C","N",49,90
1276606192,39,"Female",74,"E",2,"C","A",100,100
1279553798,33,"Male",76,"C",4,"D","N",100,100
1280616199,28,"Male",54,"E",2,"D","N",100,100
1283479331,33,"Male",54,"R",1,"D","N",100,100
1284363511,47,"Male",128,"Se",1,"D","N",100,100
1287453793,40,"Male",85,"St",1,"C","N",100,100
1288979686,53,"Female",81,"G",3,"D","N",79,73
1289292767,42,"Female",133,"E",4,"D","N",89,91
1292460717,42,"Male",100,"St",1,"D","N",56,65
1295160490,70,"Female",135,"E",2,"D","N",100,100
1295289176,43,"Male",189,"C",4,"D","N",80,86
1295478517,42,"Female",102,"C",1,"D","N",100,100
1295632171,26,"Female",84,"E",4,"D","A",70,86
1295805710,54,"Female",622,"E",2,"D","A",100,100
1295995235,45,"Female",80,"G",2,"C","A",100,100
1296041365,36,"Female",77,"E",4,"C","A",100,100
1297378916,34,"Female",687,"Se",1,"D","N",98,85
1297506967,26,"Male",127,"G",1,"D","N",89,36
1298880870,31,"Male",82,"G",3,"C","N",100,100
1299041679,23,"Female",77,"Se",1,"C","A",100,100
1299048197,47,"Male",72,"Se",2,"C","A",100,100
1300252757,30,"Male",98,"R",3,"C","A",77,65
1301574760,41,"Male",112,"G",4,"C","N",0,100
1301617443,38,"Male",64,"G",1,"D","N",84,87
1302134646,42,"Female",516,"C",4,"D","N",24,63
1303101327,44,"Male",115,"St",3,"C","A",49,75
1304350538,23,"Female",228,"St",2,"D","A",70,72
1307120023,33,"Male",66,"St",4,"D","N",58,70
1307556820,50,"Male",134,"St",2,"D","N",51,60
1308087964,31,"Female",145,"E",1,"D","N",100,100
1312428126,30,"Female",269,"R",4,"C","N",47,100
1313836970,40,"Female",83,"E",4,"C","N",0,100
1317088677,35,"Female",65,"E",2,"C","A",100,100
1318022364,49,"Male",75,"Se",1,"C","A",100,100
1318445834,48,"Male",77,"R",4,"D","A",100,100
1319451821,50,"Male",114,"E",4,"C","N",33,61
1320947953,66,"Male",139,"R",3,"C","N",30,74
1321808708,27,"Male",867,"St",2,"C","N",100,100
1322278713,21,"Male",252,"Se",3,"D","N",100,100
1322319822,25,"Female",49,"G",1,"C","A",99,99
1327791063,27,"Female",144,"E",3,"D","A",19,46
1329100129,45,"Female",99,"C",2,"D","A",100,100
1331388654,19,"Male",139,"E",2,"C","N",0,100
1331555681,59,"Male",69,"C",1,"D","N",100,100
1331560553,46,"Female",93,"G",1,"D","N",100,100
1332394579,35,"Male",36,"C",3,"D","A",37,71
1332606276,25,"Male",86,"R",4,"D","N",27,6
1333273226,38,"Male",57,"G",1,"C","N",80,91
1333376797,29,"Female",92,"Se",4,"C","N",81,100
1336019803,31,"Male",148,"E",4,"D","A",81,87
1337442489,38,"Male",104,"Se",2,"C","A",14,93
1339266393,33,"Female",84,"R",2,"C","A",77,47
1339370906,39,"Female",83,"R",1,"D","N",91,100
1342916563,22,"Male",54,"St",2,"C","N",83,81
1347941445,33,"Male",96,"R",1,"C","N",82,27
1349221291,46,"Male",326,"Se",1,"C","A",100,93
1351589699,22,"Male",259,"R",4,"C","N",100,100
1357150365,35,"Male",131,"C",4,"D","A",61,91
1357876627,23,"Female",91,"E",2,"C","A",100,100
1358808266,23,"Female",163,"St",3,"D","A",33,68
1358996060,53,"Male",184,"Se",3,"C","N",100,100
1360088057,30,"Female",49,"St",4,"D","N",86,72
1362321732,27,"Female",48,"Se",4,"C","A",80,66
1363835656,40,"Male",65,"R",4,"C","N",0,100
1366623767,40,"Male",257,"E",4,"D","A",99,100
1368003150,27,"Female",68,"Se",4,"C","N",45,62
1369091691,43,"Male",160,"E",4,"C","N",69,100
1370046047,37,"Female",93,"St",1,"D","A",100,100
1370554302,46,"Male",79,"C",2,"D","N",100,100
1371614496,38,"Male",191,"R",4,"D","N",77,78
1372492876,59,"Female",195,"E",2,"C","N",51,93
1373227581,53,"Male",221,"St",1,"D","A",100,100
1375154544,31,"Female",313,"Se",1,"D","A",84,6
1377286971,22,"Female",85,"E",1,"D","A",93,69
1377598897,26,"Male",177,"Se",4,"C","N",0,82
1378731773,38,"Male",105,"St",4,"D","N",100,100
1380597189,47,"Female",66,"St",2,"D","A",100,100
1381833065,37,"Male",62,"St",2,"C","A",100,100
1382300560,33,"Male",151,"R",1,"C","N",100,95
1384057362,65,"Female",135,"C",1,"D","A",77,77
1385262028,32,"Male",63,"C",4,"D","A",76,95
1386117096,31,"Male",72,"St",1,"D","N",100,100
1387196844,25,"Male",771,"G",3,"D","N",36,77
1389271592,29,"Male",58,"C",3,"D","A",6,86
1389827234,60,"Male",155,"Se",1,"D","N",100,100
1390156927,24,"Male",118,"Se",1,"D","N",100,100
1393321856,54,"Female",115,"G",1,"C","N",73,84
1393943971,28,"Female",99,"St",3,"C","N",25,85
1394171719,30,"Female",49,"G",3,"C","A",100,66
1394326436,30,"Female",169,"St",4,"D","A",66,88
1394787009,34,"Male",135,"R",3,"D","N",51,53
1396095792,27,"Female",141,"R",1,"C","N",100,100
1396676838,26,"Male",72,"C",1,"D","N",100,100
1397853676,32,"Male",139,"E",4,"C","A",73,75
1399299846,25,"Female",55,"E",3,"C","N",0,0
1400691916,31,"Female",134,"R",3,"C","N",78,66
1400957839,39,"Male",77,"G",4,"D","N",100,100
1401018633,35,"Male",239,"St",1,"D","A",100,100
1401296497,48,"Female",120,"E",3,"D","A",92,95
1402229530,33,"Male",1942,"C",1,"D","A",100,100
1402245522,37,"Female",94,"C",1,"D","A",100,96
1402508569,48,"Male",249,"R",4,"C","A",85,96
1402729155,28,"Male",83,"G",2,"D","A",96,83
1403699462,32,"Male",54,"R",3,"D","A",85,68
1405684710,41,"Male",151,"R",1,"C","A",100,100
1406669028,35,"Female",79,"R",3,"D","N",100,100
1407556344,24,"Female",51,"G",2,"C","A",100,85
1408045064,36,"Female",90,"C",1,"D","A",100,100
1408162463,29,"Male",59,"St",2,"D","A",83,100
1408552183,38,"Male",466,"St",4,"C","N",23,83
1408872663,32,"Male",72,"R",2,"C","A",100,90
1411190912,29,"Female",72,"E",4,"C","A",100,100
1411518263,42,"Female",85,"G",3,"C","N",69,69
1412747006,30,"Male",164,"R",1,"D","A",86,68
1412791119,26,"Female",102,"E",3,"C","A",96,82
1414231354,40,"Male",81,"G",3,"C","A",95,87
1416546824,22,"Female",99,"R",2,"C","N",61,73
1417010360,65,"Female",300,"G",3,"D","A",80,100
1417237591,31,"Female",216,"St",3,"D","N",100,100
1417273814,30,"Male",61,"G",2,"D","A",51,51
1417333013,56,"Male",180,"R",2,"C","A",100,86
1418883917,44,"Female",147,"R",2,"D","N",96,100
1419150311,37,"Male",144,"St",4,"C","A",78,82
1420388487,33,"Female",113,"Se",1,"C","N",95,96
1420863974,59,"Male",238,"R",4,"C","N",100,100
1421364567,34,"Female",76,"G",2,"C","A",51,51
1424481485,40,"Female",109,"G",2,"C","N",69,34
1424903054,52,"Female",194,"C",3,"D","A",33,81
1426061622,45,"Male",81,"Se",4,"D","A",76,60
1427058831,35,"Female",141,"E",2,"D","N",86,71
1427091262,40,"Female",68,"C",1,"D","N",100,100
1427618531,54,"Male",127,"E",3,"C","A",100,100
1427656895,22,"Male",72,"G",1,"C","N",100,100
1428348432,38,"Male",56,"St",1,"C","A",100,100
1429241178,52,"Female",151,"C",2,"D","N",100,100
1429911918,57,"Female",36,"E",2,"C","A",67,64
1433675694,39,"Female",62,"St",3,"C","A",68,37
1434731136,42,"Female",102,"E",3,"D","N",90,52
1434904224,30,"Male",124,"Se",2,"D","A",100,100
1435287635,70,"Male",310,"Se",3,"C","A",30,75
1436536612,72,"Female",197,"C",2,"D","N",100,100
1437093491,31,"Male",67,"E",4,"C","A",100,100
1437176883,28,"Male",76,"St",4,"C","A",64,40
1440708074,48,"Male",90,"G",2,"C","N",100,100
1441023490,58,"Female",72,"C",3,"D","N",100,81
1443030061,33,"Female",95,"G",1,"C","A",100,100
1443088051,41,"Female",226,"G",3,"C","N",80,94
1443632344,34,"Male",107,"Se",3,"D","N",77,77
1444762189,32,"Male",327,"R",3,"D","N",68,88
1445478319,54,"Female",129,"E",2,"D","A",100,100
1446816155,37,"Female",76,"G",4,"D","A",0,100
1446843941,31,"Female",169,"Se",1,"C","A",64,14
1448113027,60,"Male",239,"Se",3,"C","A",100,100
1448598715,30,"Female",512,"Se",4,"D","A",78,55
1451441071,42,"Female",134,"St",4,"C","A",60,76
1452678114,64,"Male",212,"G",2,"D","N",50,100
1453958793,32,"Male",98,"Se",4,"D","A",63,82
1454010571,29,"Male",80,"E",2,"C","N",7,96
1454866783,33,"Male",1068,"St",1,"C","A",73,90
1454905186,31,"Male",326,"G",3,"D","A",25,67
1456607543,48,"Female",117,"G",4,"C","A",100,100
1456926931,35,"Female",458,"R",3,"D","N",86,87
1457263173,31,"Female",59,"R",2,"C","A",91,80
1458059069,66,"Male",213,"R",1,"C","N",100,100
1459141568,25,"Male",59,"R",2,"D","A",39,73
1459702507,31,"Male",151,"Se",1,"D","A",88,90
1460422795,28,"Female",96,"E",3,"C","N",69,57
1461281648,27,"Male",113,"C",1,"D","N",67,77
1461376735,28,"Male",55,"E",1,"C","N",75,81
1461593475,33,"Female",82,"G",3,"D","A",100,81
1462222077,37,"Female",121,"G",3,"C","A",81,69
1462363258,41,"Female",125,"St",4,"C","A",78,61
1465552886,40,"Male",189,"G",3,"D","A",100,100
1466408851,32,"Female",147,"Se",1,"C","N",79,73
1466498207,44,"Female",110,"E",1,"C","N",100,100
1469136863,40,"Female",171,"E",4,"D","A",100,100
1469771183,36,"Male",86,"Se",4,"C","A",100,100
1471718107,43,"Male",123,"Se",3,"C","A",100,100
1472655319,41,"Female",161,"Se",1,"C","A",0,100
1474521823,30,"Female",647,"Se",4,"D","N",77,98
1474825929,50,"Male",84,"Se",3,"C","A",64,93
1475443550,25,"Male",49,"Se",3,"D","N",74,43
1476674983,34,"Male",58,"R",3,"D","N",100,100
1477368768,59,"Male",149,"R",4,"C","A",100,100
1478228634,35,"Male",129,"G",3,"D","N",88,57
1478809472,43,"Male",103,"St",3,"C","N",100,94
1479548970,34,"Male",102,"R",2,"D","A",45,41
1479943290,57,"Female",165,"Se",3,"C","N",79,89
1480220935,34,"Male",136,"E",2,"C","A",84,83
1482562721,63,"Female",109,"E",1,"D","N",100,78
1483079676,30,"Female",182,"G",2,"C","N",20,86
1485720957,25,"Male",184,"Se",4,"C","A",100,98
1486051404,33,"Female",165,"C",3,"D","N",100,100
1486667524,40,"Female",69,"C",1,"D","N",100,100
1487795305,53,"Female",126,"E",1,"C","N",100,100
1490779427,59,"Male",125,"G",4,"D","N",75,72
1491069628,67,"Female",235,"Se",4,"C","A",89,87
1492468815,30,"Female",120,"R",4,"D","A",100,64
1493430901,58,"Female",269,"R",1,"C","A",100,100
1494688621,49,"Male",460,"E",4,"D","N",100,100
1496583045,24,"Male",154,"R",2,"C","N",81,100
1496965695,49,"Male",155,"R",4,"D","A",100,100
1497735060,27,"Male",39,"Se",3,"D","N",66,62
1498120429,33,"Male",141,"St",3,"C","A",100,100
1498223455,59,"Female",94,"Se",2,"C","A",81,87
1500582449,46,"Male",161,"R",3,"D","A",89,83
1501536016,21,"Male",220,"G",4,"D","A",53,79
1501971219,31,"Male",56,"Se",4,"D","A",96,96
1502838815,25,"Male",132,"E",2,"D","N",85,76
1505187882,31,"Female",131,"E",1,"D","N",100,100
1505432953,58,"Female",123,"E",3,"D","A",100,95
1506093987,26,"Female",101,"Se",2,"D","N",100,100
1506539517,39,"Male",82,"Se",4,"C","N",100,100
1506872584,25,"Male",58,"St",2,"C","A",100,100
1507935748,28,"Male",106,"R",3,"C","A",99,85
1508333210,23,"Female",156,"R",4,"C","A",82,70
1508847382,31,"Male",64,"Se",1,"C","N",68,77
1508938555,34,"Male",76,"R",1,"C","A",100,100
1509159300,26,"Female",260,"E",3,"C","A",78,75
1509878231,41,"Male",76,"E",4,"D","N",100,100
1510319388,31,"Female",50,"Se",2,"C","A",70,39
1511717017,47,"Male",165,"G",1,"D","A",92,93
1512457625,0,"Female",65,"R",3,"D","N",30,66
1513000858,38,"Female",166,"R",2,"C","A",100,100
1513202233,21,"Female",284,"G",3,"D","A",100,100
1515474929,33,"Male",101,"Se",1,"D","A",100,100
1515585012,31,"Male",95,"Se",3,"D","N",55,56
1518946010,49,"Male",117,"St",3,"C","A",85,87
1519426467,36,"Male",100,"R",1,"C","N",100,100
1520260732,34,"Female",154,"E",4,"D","N",23,73
1520842871,47,"Male",271,"E",2,"D","A",54,49
1522785769,38,"Male",126,"C",4,"D","A",0,100
1523071189,33,"Male",466,"G",4,"D","A",100,100
1523654644,62,"Female",99,"St",2,"D","A",69,87
1524582932,41,"Male",700,"E",2,"D","N",100,58
1525151146,37,"Male",85,"St",3,"C","N",35,26
1525257379,47,"Female",263,"G",4,"D","N",100,100
1526653332,31,"Male",65,"G",2,"C","A",100,100
1526927576,41,"Female",106,"E",4,"D","A",100,100
1527259878,35,"Female",167,"St",1,"D","A",100,100
1527743829,48,"Female",71,"R",2,"D","N",100,100
1528452877,25,"Male",130,"R",4,"C","A",24,89
1529583693,36,"Female",71,"G",2,"C","N",49,51
1531949108,29,"Female",105,"St",1,"C","N",100,100
1534283369,30,"Female",158,"Se",2,"D","A",100,100
1536750771,27,"Male",147,"E",3,"C","A",100,100
1539453209,25,"Male",82,"Se",4,"C","N",59,29
1540905418,44,"Female",90,"G",4,"D","N",29,62
1541123732,47,"Female",59,"R",2,"D","A",100,98
1542104691,49,"Male",267,"St",2,"D","N",80,100
1542835872,39,"Female",44,"St",1,"D","N",98,86
1545885341,30,"Male",273,"G",4,"D","A",100,100
1546476922,25,"Male",71,"G",1,"D","A",57,78
1547510909,66,"Female",151,"R",2,"D","A",76,72
1548409889,38,"Male",94,"C",1,"D","N",100,100
1550200480,26,"Female",66,"G",1,"D","N",100,100
1551726086,54,"Female",360,"Se",2,"D","N",100,100
1555336037,48,"Female",85,"G",1,"D","A",61,41
1555345818,22,"Male",61,"R",4,"C","A",67,79
1556169527,54,"Male",88,"C",2,"D","N",100,100
1556291728,29,"Male",94,"Se",3,"C","N",40,88
1556368842,40,"Female",160,"Se",3,"C","A",64,83
1556975121,24,"Female",195,"R",3,"C","N",28,67
1562992568,24,"Male",89,"Se",2,"D","N",100,100
1564488072,39,"Female",2411,"Se",2,"C","N",51,51
1565625880,34,"Male",86,"St",1,"C","A",82,73
1565703384,40,"Male",71,"R",4,"C","A",72,100
1566970439,30,"Male",96,"R",1,"D","A",1,95
1568889084,42,"Male",72,"R",2,"C","A",100,2
1568938773,47,"Female",101,"St",1,"C","A",28,94
1569053911,37,"Female",191,"R",1,"D","A",31,84
1570794767,33,"Male",61,"C",3,"D","N",29,9
1570960777,37,"Male",156,"E",4,"D","N",100,100
1572077858,28,"Female",89,"R",2,"D","A",78,56
1572658111,22,"Female",103,"E",2,"C","N",57,26
1575059102,23,"Male",62,"R",1,"C","N",100,100
1575427197,27,"Male",152,"G",2,"D","N",100,100
1578012327,39,"Male",150,"G",2,"D","A",74,65
1581443599,39,"Male",143,"G",4,"C","N",100,100
1581522347,58,"Male",99,"Se",2,"D","A",81,98
1582832108,28,"Male",30,"C",2,"D","N",89,100
1583316819,39,"Female",99,"Se",1,"C","A",100,100
1584075221,71,"Female",50,"Se",4,"C","N",40,50
1584205861,51,"Male",116,"Se",4,"D","N",13,86
1584214614,53,"Female",119,"Se",2,"D","N",100,100
1584541685,32,"Male",69,"St",3,"D","N",100,100
1585221683,56,"Male",129,"G",3,"C","A",33,100
1585692645,39,"Male",370,"R",2,"C","N",84,83
1588194520,38,"Male",110,"E",2,"C","A",100,100
1588377656,34,"Female",49,"R",1,"C","A",100,100
1590874845,36,"Male",55,"Se",4,"D","A",86,81
1592870950,26,"Male",48,"C",2,"D","A",2,100
1593417007,48,"Female",110,"G",1,"D","A",100,100
1593830014,28,"Male",47,"E",2,"C","N",80,70
1594076587,30,"Male",98,"R",4,"C","N",100,66
1594409187,38,"Female",404,"E",3,"D","A",73,82
1594566264,34,"Male",107,"R",2,"C","N",50,100
1595336770,35,"Female",110,"E",2,"C","A",12,87
1595585176,27,"Male",108,"R",4,"C","N",36,61
1597980386,24,"Female",91,"G",2,"C","A",49,30
1598660661,26,"Female",115,"St",2,"C","A",85,80
1598758609,60,"Female",234,"G",4,"D","N",29,100
1599519519,35,"Female",89,"G",2,"C","N",77,100
1606724542,35,"Male",142,"Se",4,"D","N",70,64
1606786150,47,"Male",521,"E",1,"D","A",66,79
1607807415,25,"Male",51,"St",1,"D","N",100,100
1607893622,21,"Male",114,"E",1,"D","N",80,62
1608697562,42,"Male",349,"R",4,"D","A",81,70
1609577373,45,"Male",215,"St",2,"C","A",100,93
1609659928,36,"Male",29,"R",2,"D","N",75,98
1610390459,30,"Female",94,"Se",1,"D","N",100,84
1610589702,57,"Female",154,"G",1,"D","N",64,67
1610594932,58,"Female",117,"R",3,"C","N",29,41
1611679083,56,"Male",78,"Se",2,"C","N",68,98
1612269851,34,"Male",217,"St",4,"D","N",100,100
1612635251,48,"Male",123,"E",1,"D","N",78,82
1613973381,40,"Male",89,"St",4,"C","N",32,84
1614758193,35,"Female",95,"G",4,"D","N",100,100
1615185059,43,"Male",119,"Se",2,"D","A",100,100
1615844781,41,"Female",163,"G",1,"C","N",100,100
1616182365,28,"Female",92,"R",1,"D","N",100,100
1619589098,26,"Male",111,"C",3,"D","N",75,58
1619629674,59,"Female",127,"C",2,"D","N",100,100
1619717838,35,"Female",137,"St",1,"C","N",89,81
1619987779,50,"Male",69,"Se",3,"D","A",90,100
1620933043,27,"Female",137,"E",1,"C","A",80,50
1622046157,32,"Male",1157,"G",4,"C","N",0,100
1623131390,33,"Female",68,"G",2,"C","A",80,64
1624229029,25,"Male",89,"E",3,"C","N",51,73
1624850666,29,"Male",110,"St",4,"C","N",61,62
1625836027,36,"Female",172,"G",2,"D","A",100,81
1626798676,42,"Female",138,"Se",3,"C","N",50,100
1626889107,31,"Male",90,"Se",2,"D","N",92,94
1629839707,27,"Male",49,"G",4,"D","A",100,68
1631425406,33,"Female",69,"R",1,"C","N",100,100
1631854469,26,"Female",91,"G",2,"C","N",50,86
1635317248,26,"Male",208,"St",4,"D","N",100,100
1636013091,20,"Female",87,"E",4,"D","A",75,93
1637443077,44,"Male",89,"R",2,"C","A",88,82
1639502042,59,"Female",3066,"Se",1,"C","A",90,76
1639651835,40,"Male",34,"G",4,"C","N",91,98
1639947067,24,"Female",259,"G",3,"D","N",21,87
1640659933,52,"Male",127,"R",1,"D","A",38,77
1641134664,43,"Female",187,"St",1,"D","N",77,100
1641650277,26,"Male",856,"E",1,"D","A",100,100
1642395810,37,"Female",58,"G",1,"C","A",100,100
1643544005,22,"Male",195,"R",1,"D","N",100,100
1645108830,58,"Female",99,"R",4,"D","A",100,87
1645355770,25,"Female",129,"C",2,"D","N",40,67
1647089344,55,"Male",224,"Se",1,"C","A",66,100
1648042842,38,"Male",122,"St",2,"D","N",100,100
1648562842,38,"Female",507,"G",4,"D","A",0,100
1649032306,72,"Female",180,"E",4,"C","A",100,85
1649777591,30,"Male",178,"Se",2,"D","A",100,100
1650039649,25,"Male",107,"R",4,"D","N",95,65
1650929683,34,"Female",133,"Se",2,"C","A",100,100
1650970236,30,"Male",89,"G",3,"D","N",74,77
1651155819,30,"Male",95,"C",1,"D","A",59,85
1651855370,27,"Male",78,"G",4,"C","N",100,100
1653675801,24,"Female",186,"R",3,"D","A",100,51
1654509334,53,"Female",265,"C",4,"D","N",100,100
1655644880,36,"Male",129,"St",2,"C","N",71,55
1659234632,23,"Female",197,"St",1,"C","A",83,62
1659982997,45,"Female",66,"E",2,"D","A",84,95
1660262144,26,"Female",62,"St",4,"C","N",30,63
1660267672,39,"Male",115,"Se",1,"C","A",90,74
1660485767,32,"Male",46,"R",2,"C","N",73,69
1660951421,19,"Female",130,"G",1,"D","A",100,100
1664708103,51,"Female",200,"Se",3,"D","N",51,100
1664731861,31,"Male",59,"St",2,"C","A",14,81
1665704857,31,"Female",120,"St",3,"D","N",100,100
1665754815,33,"Female",170,"E",2,"D","N",90,90
1667189260,33,"Male",87,"G",1,"C","A",100,100
1669536925,44,"Female",113,"R",3,"C","A",100,100
1670764735,49,"Female",104,"St",4,"D","N",46,89
1670906636,68,"Female",121,"C",3,"D","A",1,99
1672361258,32,"Male",169,"G",4,"C","A",82,100
1673789937,31,"Female",259,"St",3,"C","N",78,92
1673868240,30,"Male",138,"R",2,"C","N",32,73
1674664716,24,"Female",92,"Se",4,"D","A",84,89
1675169896,26,"Male",240,"St",3,"D","N",88,70
1675898368,31,"Male",804,"E",1,"C","A",100,100
1676046612,44,"Female",133,"St",1,"C","A",100,100
1676197151,20,"Male",219,"G",1,"C","N",100,100
1676332775,58,"Female",71,"G",3,"C","N",30,51
1679742056,29,"Female",115,"St",3,"D","N",79,50
1683675464,30,"Male",89,"E",1,"C","N",100,90
1685701457,48,"Female",94,"Se",2,"C","N",57,45
1686651837,32,"Male",276,"Se",1,"D","A",100,100
1687046276,26,"Male",234,"E",1,"D","A",59,91
1687088978,43,"Female",143,"G",1,"D","A",100,100
1687741277,48,"Female",99,"G",2,"D","N",100,100
1688176735,54,"Female",96,"St",3,"C","A",58,8
1692085982,46,"Female",199,"E",2,"D","A",100,94
1692516059,36,"Female",155,"G",2,"D","N",100,69
1694673309,54,"Male",71,"St",4,"C","N",74,77
1695679482,25,"Male",192,"St",3,"D","A",100,0
1699658951,34,"Female",48,"St",1,"C","A",75,86
1701108891,61,"Male",159,"St",3,"D","A",51,64
1701515999,50,"Female",295,"G",2,"D","N",79,94
1701553595,28,"Female",170,"E",4,"C","A",75,100
1703308884,32,"Male",108,"Se",1,"C","N",29,71
1703570323,47,"Female",171,"Se",2,"C","A",100,100
1703778457,27,"Male",154,"Se",2,"D","N",27,27
1704061076,60,"Male",109,"St",1,"C","N",100,100
1705831135,30,"Male",124,"Se",1,"D","A",73,74
1706376505,25,"Male",90,"G",3,"D","N",100,100
1707143550,31,"Male",65,"St",3,"D","N",100,80
1707649993,23,"Female",75,"C",3,"D","A",27,92
1709897267,63,"Female",164,"E",1,"C","A",100,100
1710454895,26,"Female",1790,"R",1,"C","A",34,55
1713093504,27,"Female",194,"E",1,"D","A",100,0
1713171020,33,"Female",94,"R",1,"C","A",83,91
1713263013,32,"Male",50,"Se",4,"C","A",84,100
1714060871,23,"Male",81,"C",3,"D","A",100,100
1714171942,35,"Male",209,"G",3,"C","N",92,96
1716609150,34,"Male",89,"St",3,"C","N",100,100
1717665862,35,"Female",107,"St",4,"D","A",18,51
1718351113,25,"Male",430,"St",1,"D","N",100,70
1718849658,64,"Female",131,"C",1,"D","A",50,51
1718992025,33,"Male",97,"E",4,"D","N",0,81
1721084435,30,"Male",126,"Se",4,"D","N",100,100
1723991595,42,"Male",147,"Se",2,"C","A",100,100
1723995066,29,"Female",145,"St",1,"D","N",100,100
1725263236,34,"Male",72,"R",3,"C","A",23,70
1725687534,36,"Male",180,"C",1,"D","A",100,100
1725988931,38,"Male",1326,"E",2,"C","N",7,95
1726343596,36,"Female",314,"E",2,"D","N",0,100
1727022037,34,"Female",34,"G",2,"C","A",62,66
1727025733,34,"Male",750,"E",1,"D","N",91,93
1727231720,61,"Female",172,"E",1,"D","N",100,100
1727390577,25,"Female",64,"R",1,"D","N",100,100
1730200923,68,"Female",373,"R",1,"D","A",100,21
1731102213,43,"Female",86,"R",4,"D","N",100,92
1731999709,33,"Male",58,"R",3,"C","N",81,100
1735680893,54,"Male",82,"C",4,"D","A",0,100
1736898840,40,"Female",97,"St",2,"C","N",51,51
1736956882,32,"Male",98,"G",1,"D","A",83,80
1737166763,32,"Female",46,"St",4,"C","A",24,80
1737187060,32,"Male",187,"G",2,"D","A",88,68
1737427797,59,"Female",97,"R",1,"D","N",100,100
1737911047,35,"Male",106,"Se",2,"C","N",100,100
1737926264,32,"Female",90,"C",3,"D","A",100,100
1738035764,35,"Female",152,"E",1,"C","N",100,100
1738066899,47,"Male",93,"Se",4,"D","N",100,100
1738895723,45,"Female",365,"G",2,"C","N",83,82
1743159224,38,"Male",155,"R",1,"D","A",93,92
1745055227,30,"Male",150,"St",2,"C","N",50,100
1746469065,38,"Male",1009,"St",3,"D","N",100,100
1746481584,51,"Male",406,"St",4,"D","N",100,99
1747121322,56,"Female",208,"C",3,"D","A",28,70
1747565851,30,"Female",216,"R",2,"D","N",100,100
1747739304,48,"Female",56,"R",4,"C","N",61,94
1747961252,55,"Male",156,"C",2,"D","A",100,100
1748969245,37,"Female",114,"R",3,"C","N",87,100
1749041162,39,"Male",84,"E",1,"C","A",100,100
1749588830,38,"Male",128,"G",4,"C","N",30,63
1752114517,44,"Female",92,"E",3,"D","A",85,100
1753597592,38,"Female",49,"G",2,"D","N",100,94
1754305677,29,"Female",449,"St",3,"D","A",84,57
1760312387,37,"Female",98,"Se",2,"D","A",100,100
1760377905,41,"Male",83,"G",4,"C","A",39,15
1760622831,49,"Female",71,"G",2,"C","N",100,100
1761272958,29,"Male",96,"C",2,"D","A",100,100
1762876079,40,"Male",106,"Se",3,"C","A",20,71
1763677704,36,"Female",85,"St",1,"D","A",85,78
1764233934,34,"Male",50,"E",3,"C","N",73,100
1764893047,64,"Male",103,"St",4,"C","A",23,82
1766244283,37,"Female",74,"C",4,"D","N",100,100
1766518654,37,"Male",173,"St",1,"D","N",100,100
1766682243,44,"Male",63,"St",1,"D","N",100,100
1768350193,51,"Male",79,"Se",2,"C","N",0,100
1769629826,55,"Female",99,"St",3,"C","N",0,100
1770671631,49,"Male",95,"C",3,"D","N",100,100
1770952040,31,"Male",290,"E",2,"D","A",88,100
1772354665,82,"Male",144,"G",1,"D","N",82,100
1772358103,56,"Female",149,"G",2,"D","N",100,100
1772674671,39,"Female",81,"C",1,"D","A",78,85
1773812394,33,"Male",65,"G",3,"D","A",100,100
1776535197,24,"Female",89,"R",4,"C","A",72,100
1779173590,32,"Female",78,"E",4,"D","A",92,97
1779205251,49,"Female",269,"R",4,"C","A",100,100
1779286407,23,"Female",56,"R",3,"D","N",100,80
1779501840,34,"Female",108,"St",1,"C","N",80,80
1780796466,29,"Male",64,"E",4,"C","N",0,100
1780965439,33,"Female",28,"G",3,"C","A",68,30
1782425690,32,"Male",537,"Se",4,"D","A",92,95
1783367729,41,"Male",94,"Se",3,"D","A",80,92
1783451714,27,"Female",117,"St",2,"C","N",85,94
1783480865,65,"Male",241,"R",3,"C","N",100,100
1784415845,32,"Male",181,"St",2,"D","A",88,69
1784551482,26,"Female",141,"Se",4,"D","N",70,44
1784684021,63,"Male",115,"G",1,"C","N",79,37
1784696937,28,"Female",244,"Se",2,"C","N",77,29
1786309532,34,"Female",103,"Se",2,"C","N",72,4
1786563855,19,"Male",51,"R",4,"C","N",31,81
1786805301,38,"Male",226,"G",1,"D","A",76,85
1786899695,27,"Female",242,"C",3,"D","N",100,0
1787154820,35,"Female",90,"St",1,"D","A",100,100
1787402873,33,"Male",89,"Se",3,"D","N",82,81
1787940609,53,"Male",127,"E",3,"D","A",77,100
1787948020,52,"Male",178,"C",2,"D","A",63,84
1791272387,50,"Male",94,"R",4,"D","N",100,100
1792100567,72,"Male",348,"St",4,"C","A",75,75
1794070609,31,"Female",118,"Se",1,"D","A",98,98
1796104392,52,"Female",84,"G",1,"C","A",37,53
1796150159,32,"Male",77,"St",2,"C","A",90,81
1797205685,39,"Male",78,"C",2,"D","A",76,70
1800265972,36,"Female",247,"R",1,"C","N",100,100
1800298192,23,"Female",46,"Se",4,"C","A",92,94
1800412589,39,"Female",143,"R",3,"C","N",62,39
1801880430,26,"Male",41,"St",3,"D","A",33,74
1802024955,26,"Male",31,"G",4,"D","N",66,36
1805914332,32,"Male",290,"C",4,"D","A",71,99
1805979185,32,"Male",86,"E",1,"D","N",88,80
1806498275,35,"Male",71,"R",3,"C","A",62,100
1806666765,42,"Male",72,"R",1,"D","N",100,100
1807781628,33,"Male",115,"St",1,"C","A",68,35
1808007100,43,"Male",158,"E",2,"D","A",81,95
1813330245,52,"Male",132,"G",4,"D","N",0,100
1815088938,43,"Male",140,"R",1,"D","A",85,63
1815129366,59,"Female",211,"E",1,"C","N",5,65
1815847217,30,"Male",86,"E",1,"D","N",51,100
1816277129,24,"Female",218,"St",1,"D","A",69,17
1817140741,40,"Male",93,"R",3,"D","A",100,100
1817818340,37,"Male",169,"E",3,"C","A",100,100
1817998369,44,"Female",183,"E",3,"D","A",24,74
1818456109,29,"Male",146,"St",2,"D","A",17,85
1821193794,39,"Male",116,"E",1,"D","A",100,100
1822248294,39,"Female",175,"E",4,"C","N",0,100
1823935182,44,"Male",159,"E",3,"D","N",100,90
1824418296,35,"Male",186,"St",1,"C","N",100,100
1826361218,38,"Female",77,"Se",3,"D","A",62,74
1831262193,33,"Male",87,"R",2,"D","A",51,83
1831748159,49,"Female",152,"E",3,"D","N",100,80
1832564121,19,"Male",23,"R",3,"D","A",87,66
1833486778,46,"Male",117,"Se",3,"C","A",100,100
1833757313,43,"Female",87,"G",3,"C","A",100,100
1835887794,67,"Female",82,"R",3,"C","N",100,100
1836228485,37,"Male",93,"E",1,"D","N",100,100
1836778573,25,"Male",167,"St",1,"C","A",100,100
1837524204,39,"Female",160,"R",1,"C","A",100,100
1838473799,35,"Female",77,"R",1,"C","N",0,100
1838894171,29,"Male",75,"E",1,"D","A",100,100
1840957391,56,"Female",63,"Se",3,"D","A",74,68
1842053807,36,"Male",49,"G",2,"D","N",94,92
1842375199,32,"Male",92,"Se",3,"C","A",56,78
1842493713,39,"Female",152,"Se",2,"D","N",100,100
1843205501,38,"Male",121,"Se",2,"C","N",77,100
1843992282,40,"Male",182,"G",3,"C","A",91,69
1844230600,22,"Male",37,"E",4,"C","A",91,100
1844895928,26,"Male",71,"C",4,"D","N",80,86
1844903878,24,"Female",98,"G",3,"D","N",52,83
1844936966,23,"Female",124,"St",3,"C","N",13,90
1845078607,28,"Male",118,"E",3,"D","A",87,66
1846274563,25,"Female",267,"Se",3,"C","N",12,15
1847878791,53,"Male",129,"G",3,"C","N",66,100
1848391903,33,"Male",88,"E",3,"C","A",66,84
1849941065,37,"Male",129,"Se",3,"D","A",35,86
1850804533,29,"Female",1770,"St",4,"D","A",50,78
1851106858,20,"Female",79,"R",2,"C","N",76,86
1851425122,37,"Female",179,"E",4,"D","A",100,100
1852301858,32,"Male",114,"G",3,"D","A",74,88
1853468445,71,"Male",128,"St",3,"C","A",100,100
1854045623,61,"Female",121,"C",4,"D","A",0,100
1854916340,29,"Female",79,"G",3,"D","A",100,100
1855233589,28,"Male",74,"E",2,"C","A",18,88
1856463700,34,"Female",103,"G",3,"D","N",100,84
1859916181,27,"Female",79,"G",3,"D","N",100,100
1860113778,27,"Male",367,"E",3,"C","N",17,88
1861399705,57,"Female",213,"St",3,"D","A",79,74
1861926548,29,"Male",47,"E",2,"C","A",100,100
1862035105,23,"Male",150,"Se",2,"D","A",86,38
1862551804,32,"Female",100,"R",4,"C","N",72,44
1866390254,34,"Male",363,"G",1,"C","N",21,70
1871086904,32,"Female",40,"E",4,"C","A",61,65
1871447777,22,"Male",680,"E",4,"D","A",100,87
1871746214,25,"Male",138,"G",4,"D","N",100,100
1872636980,55,"Female",75,"R",2,"D","N",70,66
1873598409,44,"Female",73,"E",3,"C","N",0,100
1874306612,56,"Female",184,"St",1,"D","N",100,100
1875316019,53,"Male",97,"St",2,"D","N",100,100
1877516652,68,"Female",102,"G",4,"C","N",25,100
1880570629,29,"Male",37,"Se",2,"C","N",75,100
1882805147,25,"Male",377,"Se",3,"D","A",76,100
1882958001,39,"Female",59,"G",3,"C","A",80,83
1883154687,31,"Female",128,"Se",3,"C","N",12,74
1884918693,38,"Female",64,"R",1,"D","A",100,100
1885798130,24,"Male",57,"G",2,"C","A",66,63
1887110528,39,"Female",103,"G",2,"D","A",50,100
1891508410,25,"Male",94,"St",2,"D","N",21,47
1893560525,44,"Female",156,"G",4,"D","A",100,100
1893715299,23,"Male",73,"C",4,"D","N",57,77
1893763121,33,"Male",168,"St",1,"C","N",75,89
1895934160,44,"Female",156,"St",3,"C","A",100,0
1897624613,43,"Female",278,"St",4,"C","N",100,100
1899632419,32,"Female",444,"Se",3,"C","N",79,100
1900315444,27,"Female",77,"C",1,"D","A",65,60
1900673393,50,"Female",95,"G",2,"D","N",83,96
1901132825,26,"Male",80,"G",2,"D","A",100,100
1902194732,24,"Male",57,"R",4,"D","A",100,100
1903113248,39,"Male",180,"R",4,"C","A",100,100
1903232842,30,"Male",61,"R",1,"D","N",100,65
1903680788,50,"Male",197,"G",3,"C","A",74,16
1904199083,27,"Female",63,"R",2,"D","N",54,41
1905057913,37,"Male",29,"G",4,"C","A",41,63
1905119782,28,"Male",52,"R",1,"C","A",100,100
1907334029,28,"Male",268,"St",4,"D","A",0,100
1907667177,23,"Female",62,"G",4,"D","A",0,100
1908170439,43,"Female",77,"E",2,"D","N",15,60
1908974955,30,"Female",84,"Se",2,"D","A",69,81
1910420381,22,"Female",88,"G",3,"D","A",11,96
1910660225,42,"Male",98,"C",3,"D","A",0,100
1911273960,60,"Male",226,"Se",4,"C","A",81,88
1914117948,34,"Male",53,"G",2,"C","N",15,51
1915670205,39,"Female",103,"C",4,"D","N",100,93
1917044042,32,"Female",59,"C",2,"D","A",0,100
1917985401,32,"Female",191,"St",1,"D","A",100,100
1919198128,45,"Male",103,"E",3,"C","A",87,88
1920985243,34,"Female",242,"R",2,"C","A",100,100
1922839627,23,"Male",142,"G",2,"C","A",100,100
1925154862,26,"Male",52,"G",2,"D","A",100,100
1927337253,33,"Male",58,"G",3,"D","A",77,59
1928386276,41,"Male",98,"St",2,"C","A",49,100
1929938888,32,"Male",88,"G",1,"C","N",100,100
1930276437,60,"Male",265,"G",1,"D","N",88,82
1937111694,32,"Male",179,"R",3,"D","N",100,100
1938130472,58,"Female",105,"E",4,"C","N",2,97
1938339011,33,"Male",92,"Se",4,"D","N",100,100
1938538984,50,"Male",322,"St",4,"D","N",21,83
1938962339,23,"Male",467,"St",2,"C","N",31,75
1939166757,53,"Female",212,"St",2,"D","A",77,76
1939339635,37,"Male",338,"R",1,"C","A",50,0
1941027229,43,"Female",89,"G",3,"C","N",100,100
1942106070,40,"Male",87,"Se",2,"D","N",80,62
1943605032,37,"Male",74,"St",4,"D","N",100,84
1943791090,33,"Male",88,"E",4,"D","N",100,100
1944112837,28,"Female",118,"R",4,"D","N",74,62
1945746723,33,"Female",182,"E",3,"D","N",71,88
1945787400,58,"Female",206,"G",1,"C","A",100,100
1947901645,32,"Female",175,"St",4,"D","A",8,66
1948658712,47,"Female",90,"Se",2,"C","A",82,100
1951451017,29,"Female",96,"Se",2,"D","N",100,100
1951862186,38,"Female",161,"G",4,"C","N",100,100
1952431999,48,"Female",198,"St",2,"C","N",8,91
1952747651,56,"Female",88,"Se",1,"C","N",100,100
1955255658,36,"Female",121,"E",3,"C","N",77,81
1955625310,26,"Female",215,"G",4,"C","A",89,86
1957155972,35,"Male",66,"C",4,"D","A",13,77
1958701101,32,"Male",96,"Se",3,"D","A",0,100
1959847885,36,"Female",622,"Se",1,"C","N",0,100
1960846987,20,"Female",572,"Se",4,"C","N",93,93
1960854935,31,"Female",48,"G",1,"D","N",100,100
1960978352,43,"Female",267,"Se",2,"D","N",89,85
1961076337,31,"Female",571,"E",4,"C","A",60,68
1961230629,45,"Male",75,"Se",1,"D","N",100,100
1962127258,22,"Male",26,"G",2,"D","A",88,37
1962308997,28,"Male",157,"G",4,"C","A",65,51
1963221504,27,"Male",167,"St",4,"D","N",73,81
1963593365,56,"Male",150,"R",2,"C","N",80,96
1964134007,29,"Female",133,"St",2,"D","N",100,100
1965278399,26,"Male",76,"G",3,"C","N",100,100
1965454136,31,"Male",327,"R",2,"D","N",85,100
1965662687,34,"Female",128,"R",2,"D","A",85,86
1966481264,35,"Male",51,"R",4,"C","N",68,20
1969195214,31,"Male",158,"Se",3,"D","A",100,100
1973093777,27,"Female",233,"Se",4,"D","A",100,100
1973613291,34,"Male",158,"G",1,"C","A",75,78
1973976234,28,"Male",86,"E",4,"D","N",0,93
1976265485,32,"Male",203,"E",4,"D","A",69,64
1977160128,63,"Male",90,"R",1,"D","N",76,60
1978845444,29,"Male",111,"R",4,"D","A",21,96
1978859103,27,"Male",42,"C",4,"D","A",95,97
1979605588,40,"Male",156,"R",3,"C","A",80,94
1979769527,32,"Male",232,"E",4,"C","N",100,87
1980249113,45,"Male",159,"St",2,"C","N",50,87
1981437012,62,"Male",148,"R",4,"C","A",100,100
1982494217,26,"Male",85,"C",2,"D","A",100,100
1982711549,35,"Male",162,"E",1,"D","A",51,88
1983636635,33,"Male",144,"St",2,"D","N",50,100
1984298490,27,"Male",61,"Se",3,"D","N",100,100
1984719848,45,"Male",278,"Se",1,"C","N",92,80
1985726351,32,"Female",703,"St",2,"D","A",95,79
1985964804,29,"Male",69,"R",4,"D","A",71,24
1987365336,27,"Female",98,"C",4,"D","N",100,100
1990043841,40,"Male",190,"Se",4,"D","N",100,100
1990100488,31,"Male",90,"G",2,"C","N",0,75
1991998206,40,"Female",87,"E",2,"C","A",100,100
1993931876,29,"Male",119,"E",3,"D","N",100,83
1994570049,36,"Female",94,"Se",4,"D","A",100,42
1996694120,37,"Male",188,"C",4,"D","A",89,92
1998426329,50,"Female",327,"R",3,"D","N",94,95
1999622600,40,"Male",85,"St",1,"C","N",94,92
2100270132,65,"Female",148,"Se",2,"D","N",77,80
2102635688,30,"Female",64,"St",1,"D","A",87,65
2103051395,25,"Male",67,"Se",4,"D","A",61,88
2104942415,59,"Female",163,"C",2,"D","N",100,100
2107031985,28,"Male",239,"G",1,"C","N",72,94
2107518051,41,"Female",59,"G",1,"D","N",50,100
2108673747,57,"Female",69,"R",4,"D","A",62,39
2108834094,33,"Male",95,"C",4,"D","N",75,80
2109982578,26,"Male",195,"Se",3,"D","N",91,100
2110977091,69,"Female",124,"St",4,"C","A",84,92
2112248551,29,"Male",83,"G",1,"D","A",85,81
2112650073,46,"Male",424,"St",1,"C","N",100,100
2116606253,39,"Female",148,"Se",3,"D","A",67,20
2117984831,43,"Male",275,"G",4,"D","A",62,77
2118419696,34,"Female",71,"C",4,"D","A",0,100
2121360429,40,"Female",95,"Se",2,"C","N",55,56
2122144915,29,"Female",107,"R",2,"D","N",55,54
2123708191,38,"Female",103,"R",4,"C","A",100,100
2124577499,41,"Male",216,"Se",4,"D","A",20,89
2125397859,35,"Female",143,"Se",3,"C","A",100,89
2126185320,37,"Female",64,"R",1,"C","A",100,100
2126814833,30,"Male",66,"E",2,"C","N",72,76
2129780425,33,"Male",145,"St",1,"D","A",81,83
2129990668,38,"Female",859,"R",4,"C","A",85,83
2131680449,44,"Female",81,"G",2,"D","N",100,100
2133621589,51,"Female",235,"Se",2,"D","A",80,68
2136546680,27,"Male",54,"E",1,"D","N",89,64
2138315022,28,"Female",65,"St",3,"C","A",73,89
2141697631,68,"Male",91,"G",3,"D","A",76,66
2142053214,45,"Male",77,"E",3,"D","N",96,99
2143100623,26,"Female",155,"R",3,"D","A",100,100
2149922165,60,"Female",174,"R",2,"C","N",56,58
2152204328,31,"Male",146,"E",3,"D","N",77,61
2152222707,35,"Female",187,"E",1,"D","N",35,88
2152685129,NA,"",94,"R",4,"D","N",52,43
2153960820,58,"Female",84,"St",2,"C","A",76,77
2155364762,35,"Male",59,"Se",1,"D","N",29,85
2158755549,30,"Male",63,"St",2,"C","A",100,100
2160924500,26,"Male",69,"C",1,"D","N",100,100
2161929070,18,"Male",175,"R",3,"C","A",78,12
2162679326,30,"Male",109,"G",4,"D","A",34,68
2162692615,60,"Female",157,"G",4,"C","N",100,100
2163360658,37,"Female",92,"E",3,"C","N",0,100
2164299728,29,"Male",107,"E",1,"D","A",100,100
2167057104,24,"Male",128,"G",4,"D","A",0,100
2167163749,38,"Female",114,"E",4,"D","N",100,100
2167413505,28,"Male",62,"E",2,"C","A",79,65
2172764867,48,"Male",79,"G",2,"C","A",100,100
2175160645,50,"Male",355,"E",2,"D","A",100,100
2178372260,33,"Female",94,"Se",3,"D","A",18,78
2179284323,49,"Male",105,"Se",2,"C","A",74,73
2179863844,34,"Male",114,"E",4,"D","N",100,100
2180406309,70,"Female",167,"R",3,"C","A",84,65
2180651832,26,"Male",71,"Se",3,"C","N",63,39
2181723962,32,"Male",95,"R",4,"D","A",100,78
2184916055,29,"Male",65,"G",4,"C","A",70,70
2186320998,45,"Male",240,"C",4,"D","A",73,86
2187384795,29,"Female",214,"C",3,"D","N",100,100
2191163785,26,"Male",61,"Se",4,"D","N",67,77
2191391627,25,"Female",37,"R",3,"D","N",77,61
2191921304,37,"Male",1025,"R",1,"C","N",100,100
2193629285,32,"Female",109,"E",3,"C","N",69,68
2194410089,23,"Male",59,"G",3,"D","N",88,75
2195487419,55,"Male",64,"G",2,"C","A",85,88
2195916265,40,"Male",113,"R",3,"D","A",100,100
2196760706,51,"Male",159,"E",3,"C","A",100,86
2203527268,60,"Male",196,"R",2,"D","N",47,73
2203763699,33,"Male",88,"St",2,"C","N",100,70
2205778244,53,"Male",74,"E",1,"C","A",70,84
2207506843,30,"Male",752,"St",2,"C","A",89,90
2212024030,NA,"Male",196,"G",3,"C","A",100,89
2213341173,25,"Male",126,"C",1,"D","A",75,78
2214874939,29,"Male",124,"Se",1,"D","N",85,74
2216033320,48,"Male",131,"Se",4,"D","N",100,95
2222732373,35,"Male",117,"Se",3,"C","N",88,90
2227660899,36,"Female",616,"Se",1,"D","A",100,0
2229137116,39,"Female",41,"C",4,"D","A",0,100
2229266940,55,"Male",144,"R",4,"C","A",100,100
2229579536,32,"Male",67,"G",4,"C","N",100,100
2232876553,31,"Female",196,"R",2,"C","N",79,83
2237411352,29,"Female",148,"R",2,"D","A",72,74
2239298304,39,"Female",56,"R",2,"C","N",74,50
2239361974,65,"Female",122,"G",1,"C","N",58,100
2240029823,32,"Female",259,"St",1,"C","A",100,100
2240791398,22,"Female",48,"R",1,"C","N",100,100
2240899828,33,"Male",320,"St",2,"C","A",87,99
2241782581,30,"Female",130,"R",2,"D","A",74,82
2243764842,34,"Female",120,"E",1,"D","N",100,100
2244878278,37,"Male",53,"G",4,"C","N",100,100
2245328375,30,"Male",47,"E",2,"C","N",66,85
2245745570,26,"Female",202,"R",1,"C","A",79,87
2246824195,40,"Male",91,"St",4,"D","N",71,89
2247794746,25,"Male",97,"St",3,"C","A",100,100
2248460788,27,"Male",242,"E",1,"D","A",84,67
2250367005,30,"Male",63,"Se",2,"D","A",100,0
2250576953,36,"Male",99,"C",4,"D","N",82,100
2252355391,36,"Male",534,"G",3,"C","A",83,39
2253154553,30,"Male",42,"G",2,"D","A",77,91
2254539339,31,"Male",220,"St",2,"C","A",86,89
2255654289,35,"Male",187,"St",3,"C","N",74,66
2256357318,30,"Male",73,"E",1,"C","A",88,95
2258039076,27,"Male",87,"R",4,"C","N",100,52
2258153832,43,"Female",111,"St",4,"C","N",100,89
2260514141,35,"Female",392,"G",1,"D","N",93,98
2262133466,45,"Female",94,"St",3,"C","A",100,100
2263324088,41,"Female",168,"C",1,"D","N",100,100
2266384442,27,"Female",252,"G",4,"D","A",100,100
2269345209,50,"Female",137,"Se",3,"D","A",98,82
2270846482,41,"Female",181,"Se",4,"D","A",100,100
2271474323,24,"Female",80,"E",2,"C","A",64,43
2272257211,30,"Male",57,"G",2,"D","N",0,100
2274050471,29,"Female",142,"Se",4,"C","N",81,72
2274339643,30,"Female",89,"C",3,"D","N",89,76
2276500781,32,"Female",160,"St",1,"D","A",100,100
2277650871,48,"Female",133,"G",2,"D","A",94,75
2278540675,27,"Male",227,"G",4,"D","N",83,85
2280112362,41,"Female",109,"Se",3,"D","A",85,69
2280562310,45,"Male",188,"E",2,"D","A",51,100
2282489773,33,"Male",162,"Se",1,"D","A",100,100
2284787562,28,"Male",106,"R",2,"C","A",100,100
2290558300,34,"Female",82,"R",1,"D","A",56,76
2291412856,51,"Male",221,"R",1,"C","A",100,100
2291892482,35,"Female",116,"R",2,"C","A",76,100
2292847605,59,"Male",92,"R",3,"C","A",100,100
2293656691,46,"Male",61,"G",3,"C","N",70,100
2295724848,32,"Male",101,"Se",4,"D","N",100,100
2296435357,39,"Female",62,"G",2,"D","N",90,82
2296935913,38,"Female",186,"E",3,"C","N",3,99
2298961046,24,"Male",33,"R",4,"D","N",72,87
2300372463,24,"Male",71,"E",1,"D","N",69,72
2301836987,24,"Male",92,"G",2,"D","A",86,88
2305458505,32,"Female",56,"G",4,"D","N",1,100
2306502531,40,"Female",881,"R",2,"C","A",48,52
2308268956,56,"Male",152,"E",4,"C","A",22,100
2310569596,38,"Male",203,"St",1,"C","A",79,92
2313316034,35,"Male",95,"G",3,"D","A",73,28
2313389782,38,"Female",78,"R",2,"D","N",83,74
2313910898,29,"Male",102,"Se",3,"C","A",100,100
2316818453,25,"Male",92,"E",4,"D","N",67,70
2317443389,47,"Female",150,"St",2,"C","N",87,93
2317878335,27,"Female",288,"St",3,"C","A",89,89
2320320439,61,"Female",118,"R",4,"D","A",100,100
2321749115,30,"Male",106,"R",3,"D","A",60,55
2322719491,40,"Male",83,"E",2,"C","N",57,89
2323285819,30,"Male",136,"R",3,"D","A",100,100
2323401169,40,"Male",129,"St",1,"C","N",100,100
2323413659,26,"Male",49,"R",4,"C","N",53,73
2324539303,37,"Male",42,"E",2,"D","N",0,51
2324603537,38,"Male",190,"G",2,"C","A",84,96
2326842941,32,"Female",178,"St",2,"D","N",63,42
2327125878,55,"Female",264,"G",4,"D","N",49,72
2328758535,48,"Male",206,"Se",2,"D","N",0,100
2329137501,30,"Male",50,"C",1,"D","A",77,51
2329643815,34,"Female",109,"C",2,"D","N",100,99
2329703067,35,"Male",59,"E",2,"C","N",94,87
2331782979,71,"Female",182,"R",3,"C","A",47,55
2332318316,40,"Male",151,"E",3,"C","N",97,100
2334038167,39,"Male",82,"C",2,"D","A",82,39
2337085744,35,"Female",44,"C",1,"D","A",100,100
2337384507,42,"Female",88,"C",1,"D","A",80,100
2337576120,29,"Male",70,"Se",2,"D","N",23,85
2339043756,35,"Male",780,"G",2,"C","N",100,100
2339826441,26,"Male",131,"G",3,"C","A",65,81
2340045294,33,"Female",113,"St",3,"C","N",11,76
2342235401,37,"Male",235,"Se",3,"C","N",78,93
2343576150,42,"Male",54,"R",4,"C","N",79,86
2344937062,22,"Male",56,"R",4,"C","N",89,22
2348714728,60,"Female",170,"Se",1,"C","A",0,100
2351745140,27,"Male",91,"R",4,"D","N",84,100
2352824839,57,"Female",238,"St",4,"D","A",79,93
2353451262,32,"Female",90,"St",4,"C","N",64,92
2354034764,27,"Female",160,"E",1,"C","A",100,100
2355925788,49,"Female",167,"G",2,"C","N",86,95
2359219738,28,"Female",114,"St",4,"C","A",71,77
2359714369,49,"Female",479,"St",1,"C","A",85,84
2360829877,33,"Male",390,"St",3,"D","A",100,100
2363858562,50,"Other",104,"Se",3,"C","N",73,88
2364414898,26,"Female",76,"G",2,"C","A",92,4
2364778331,35,"Male",85,"R",4,"D","N",100,100
2364879229,35,"Male",96,"St",2,"D","A",68,27
2365610107,39,"Male",82,"E",3,"C","N",0,100
2367244462,32,"Male",142,"E",4,"D","A",77,95
2368558172,39,"Male",131,"St",2,"C","N",51,89
2369351366,35,"Female",157,"St",4,"D","N",84,93
2370317414,27,"Male",113,"Se",3,"C","A",85,80
2375045067,41,"Female",361,"St",3,"D","N",100,100
2376898317,59,"Female",93,"E",4,"C","A",100,100
2377486611,29,"Male",76,"C",1,"D","A",100,81
2377897435,31,"Female",83,"E",2,"D","A",100,100
2380254970,29,"Male",92,"E",4,"D","N",75,88
2385339475,40,"Female",165,"C",1,"D","N",93,60
2385534828,47,"Female",103,"R",2,"D","N",86,100
2387003461,39,"Male",112,"Se",2,"D","N",74,77
2387350147,69,"Female",138,"E",3,"D","N",57,10
2388348669,21,"Male",61,"C",3,"D","A",25,75
2388554272,52,"Male",78,"Se",2,"C","N",68,88
2397239190,57,"Female",135,"E",4,"C","A",100,100
2397540281,28,"Male",84,"E",4,"C","N",41,66
2398444647,34,"Female",136,"E",3,"D","N",0,63
2400126607,35,"Male",166,"E",3,"D","A",100,53
2401191897,30,"Male",137,"C",4,"D","N",100,83
2402268031,32,"Male",79,"Se",1,"C","N",100,100
2402985576,33,"Male",99,"St",4,"D","A",72,71
2403038223,30,"Male",278,"St",4,"D","N",92,51
2403609887,40,"Female",335,"R",2,"D","A",49,51
2403919968,68,"Female",50,"R",1,"C","N",100,0
2405918104,33,"Male",88,"St",2,"D","N",74,63
2406687079,38,"Female",211,"E",1,"D","N",29,19
2406690472,60,"Male",126,"G",3,"D","N",0,100
2408796564,33,"Male",428,"E",2,"D","N",68,25
2414614144,35,"Male",124,"G",3,"C","N",84,77
2415406618,27,"Female",147,"St",3,"D","A",100,100
2416608868,31,"Male",48,"E",3,"D","A",100,100
2419380253,60,"Male",111,"G",2,"C","A",83,100
2420195562,58,"Male",117,"St",4,"D","N",100,100
2421065261,35,"Male",69,"Se",2,"C","A",100,100
2422830387,35,"Male",118,"C",2,"D","N",100,100
2423536801,35,"Male",104,"St",3,"D","A",0,100
2425105406,25,"Male",167,"St",2,"D","A",100,100
2425877631,52,"Female",102,"G",3,"C","A",85,93
2429419746,29,"Female",245,"G",4,"C","N",31,84
2429822134,29,"Female",178,"R",4,"C","A",100,100
2430602714,61,"Female",108,"Se",1,"C","A",100,86
2431831163,41,"Male",458,"C",4,"D","A",50,77
2433085413,22,"Male",51,"R",2,"D","A",98,100
2434041161,25,"Male",122,"E",1,"C","A",100,0
2434393891,33,"Male",130,"Se",2,"D","A",100,100
2435616776,29,"Male",116,"C",2,"D","A",35,70
2435667073,67,"Female",117,"G",3,"D","A",31,87
2435766534,43,"Male",477,"G",4,"C","N",1,96
2437515768,25,"Female",308,"C",1,"D","A",100,100
2437864568,37,"Male",61,"Se",2,"C","A",100,100
2438621854,58,"Male",248,"Se",1,"D","A",100,100
2438948276,30,"Female",36,"G",3,"D","A",0,100
2439089174,69,"Male",124,"St",1,"D","A",100,100
2439321523,44,"Male",258,"St",2,"C","A",100,100
2439374169,22,"Male",75,"C",2,"D","A",80,75
2440121996,22,"Male",74,"St",4,"D","A",64,77
2440177821,38,"Female",129,"Se",4,"D","N",100,81
2441082395,37,"Male",67,"G",3,"C","A",100,100
2441444486,32,"Male",98,"Se",3,"D","N",69,86
2444447037,63,"Female",146,"Se",2,"C","A",49,87
2445370570,53,"Male",329,"St",2,"C","N",47,41
2446109385,32,"Female",325,"C",3,"D","N",100,100
2446406133,28,"Male",119,"G",1,"C","N",50,71
2446986621,38,"Male",53,"St",1,"D","N",87,97
2447910850,43,"Female",221,"C",4,"D","N",100,100
2450327456,33,"Male",104,"Se",1,"D","N",65,35
2450335401,54,"Male",256,"Se",4,"D","A",0,51
2450569648,30,"Male",156,"R",3,"C","N",100,80
2451505252,39,"Male",76,"St",1,"D","A",79,92
2453989944,36,"Male",96,"R",2,"C","N",98,96
2455839605,41,"Female",99,"E",2,"D","N",100,100
2456682191,21,"Male",68,"R",1,"C","N",100,100
2456896249,63,"Male",147,"E",1,"C","N",100,100
2457008065,28,"Male",56,"R",4,"C","A",65,85
2457787271,28,"Male",354,"G",1,"C","A",100,0
2457884594,63,"Male",131,"R",4,"D","A",100,100
2458441789,32,"Female",539,"E",2,"D","A",100,100
2459218085,32,"Female",30,"St",4,"D","N",84,73
2461618397,43,"Male",792,"Se",4,"C","A",100,100
2461806844,22,"Male",131,"C",3,"D","A",3,100
2462029343,41,"Female",1799,"Se",3,"D","A",65,18
2465651808,26,"Female",76,"E",3,"C","A",93,95
2467172269,35,"Female",210,"R",2,"C","A",89,64
2467489408,47,"Male",77,"C",3,"D","A",0,100
2468588481,32,"Female",80,"R",4,"C","A",100,100
2469898199,27,"Female",86,"Se",4,"D","A",87,17
2470059210,48,"Male",71,"G",1,"C","N",100,100
2470563307,33,"Female",64,"G",1,"D","N",89,62
2471379585,25,"Male",73,"G",2,"D","N",73,39
2473406212,28,"Female",163,"E",1,"D","A",95,78
2473627662,35,"Male",158,"St",4,"D","N",96,91
2474265331,32,"Male",88,"E",1,"C","A",100,100
2475131372,35,"Male",89,"Se",3,"D","A",68,29
2476840238,39,"Male",91,"E",3,"D","A",100,100
2477006844,37,"Female",74,"Se",2,"C","N",51,100
2477470619,54,"Male",307,"Se",2,"D","N",100,100
2478475446,26,"Male",100,"E",1,"C","A",100,100
2480002794,40,"Female",78,"Se",1,"C","N",88,85
2481771676,41,"Male",140,"E",4,"C","N",27,27
2484114915,48,"Female",91,"E",4,"C","A",100,100
2486509064,27,"Male",340,"R",2,"C","A",82,84
2486940027,51,"Female",107,"St",4,"C","A",80,93
2488317916,23,"Male",71,"St",1,"D","N",100,100
2488967631,29,"Male",92,"G",2,"D","A",90,86
2489358872,53,"Male",83,"G",1,"D","A",100,100
2489617142,58,"Female",92,"R",2,"D","N",100,94
2490962637,42,"Male",116,"E",1,"C","A",100,100
2493702559,42,"Female",130,"E",2,"C","A",52,100
2497539161,37,"Male",85,"G",4,"C","N",34,69
2502241269,52,"Female",148,"Se",2,"D","N",100,97
2504499291,45,"Female",139,"Se",2,"C","N",48,77
2504872254,53,"Male",103,"Se",1,"D","A",100,100
2505701297,41,"Female",63,"Se",4,"D","A",96,84
2506748936,40,"Female",282,"St",4,"C","A",1,100
2507991173,38,"Male",152,"C",1,"D","N",100,79
2508181730,30,"Male",133,"E",3,"C","A",92,86
2510260367,35,"Male",105,"St",3,"C","N",72,27
2514025406,41,"Female",80,"C",3,"D","N",50,100
2514910288,51,"Female",157,"Se",2,"D","N",97,100
2515206236,18,"Female",163,"Se",3,"C","A",65,79
2518986747,51,"Male",156,"G",1,"D","A",100,100
2520263647,40,"Male",65,"C",1,"D","N",76,100
2520403844,29,"Male",72,"E",3,"C","A",61,61
2521871210,22,"Male",112,"St",3,"D","A",64,100
2521900352,27,"Male",95,"G",2,"D","A",100,100
2522351547,39,"Female",80,"G",2,"C","N",73,100
2522429319,36,"Male",35,"R",4,"C","N",18,74
2522766443,26,"Female",100,"R",3,"D","A",100,100
2522980612,62,"Male",152,"St",3,"D","N",34,100
2523818152,48,"Female",204,"E",1,"C","A",72,68
2524338452,48,"Male",144,"G",1,"C","A",100,77
2524525727,29,"Male",57,"G",1,"C","N",18,100
2526229296,29,"Male",156,"G",1,"D","A",69,61
2528709451,27,"Female",47,"G",1,"C","N",100,100
2528911803,28,"Male",79,"G",4,"C","A",72,94
2528981403,46,"Female",74,"St",2,"C","A",100,100
2530670534,25,"Male",530,"G",1,"C","A",74,82
2531406911,27,"Female",97,"St",1,"D","N",100,100
2532690860,52,"Male",90,"C",2,"D","N",100,100
2533294046,42,"Male",259,"E",1,"C","N",2,94
2535579582,30,"Male",58,"Se",1,"C","A",100,100
2535918506,33,"Female",71,"E",1,"C","A",100,97
2538047978,30,"Male",46,"E",3,"C","A",100,100
2538465221,31,"Female",79,"E",3,"D","A",67,70
2539167416,50,"Male",382,"G",2,"D","A",1,100
2540343426,30,"Male",90,"E",2,"C","N",49,88
2542678155,19,"Female",289,"C",2,"D","A",100,100
2544069237,68,"Male",141,"G",3,"D","A",0,100
2545658895,31,"Male",71,"E",2,"C","N",71,100
2545788442,40,"Male",258,"R",3,"D","N",100,100
2547141429,31,"Female",406,"E",3,"D","A",100,100
2547467696,47,"Female",193,"E",2,"C","N",0,100
2548825196,25,"Male",41,"St",3,"C","A",79,96
2550139759,37,"Female",104,"G",4,"D","N",63,64
2551327893,28,"Male",92,"G",4,"D","N",77,84
2553248673,34,"Male",97,"C",1,"D","A",95,75
2553605420,38,"Female",161,"St",1,"C","A",100,74
2553646000,25,"Female",54,"G",1,"D","A",91,60
2553926025,27,"Male",536,"C",1,"D","N",83,92
2555582300,55,"Female",212,"R",4,"D","A",89,67
2555661113,52,"Male",108,"G",2,"D","A",73,39
2557388442,45,"Male",35,"Se",2,"D","N",92,89
2558007819,46,"Female",154,"G",4,"D","N",34,77
2558271247,27,"Female",138,"Se",1,"C","N",100,100
2559037744,36,"Male",141,"R",4,"D","N",100,100
2559166506,47,"Female",117,"R",2,"D","N",83,96
2560171333,64,"Male",267,"St",1,"D","A",83,90
2560477773,38,"Male",103,"R",3,"D","A",99,95
2560601358,30,"Male",163,"E",2,"C","A",79,75
2561974349,33,"Female",30,"G",2,"C","N",100,100
2563426349,33,"Male",61,"G",1,"C","A",87,80
2563715055,39,"Male",77,"St",2,"C","N",92,97
2565655553,73,"Female",319,"Se",1,"D","N",92,83
2566635105,38,"Female",240,"R",4,"D","A",100,100
2567229722,29,"Male",318,"St",3,"D","N",63,68
2568884763,28,"Male",101,"E",2,"D","A",97,100
2569628259,43,"Female",177,"Se",3,"D","A",86,100
2571616975,24,"Female",90,"E",1,"C","N",100,100
2571796506,50,"Male",93,"G",1,"D","A",100,100
2574673196,28,"Male",160,"Se",1,"D","N",98,95
2574809339,37,"Female",137,"R",1,"C","N",0,100
2575256181,24,"Male",162,"E",3,"D","A",89,38
2581349982,33,"Female",93,"R",3,"C","N",69,64
2581849674,29,"Male",54,"St",3,"C","A",62,75
2582199171,30,"Female",249,"R",2,"C","A",77,66
2582292710,56,"Female",208,"St",1,"C","N",20,88
2583063277,56,"Male",102,"E",3,"D","A",100,100
2583570408,31,"Male",117,"E",2,"C","A",100,100
2587553297,36,"Female",89,"St",2,"C","N",77,72
2594748022,26,"Female",146,"E",3,"D","N",93,92
2598197799,31,"Male",49,"G",3,"D","N",100,100
2599380846,41,"Female",83,"R",1,"D","A",100,100
2599385683,33,"Male",113,"E",2,"D","N",5,100
2599650134,28,"Male",76,"C",1,"D","N",100,100
2606068324,34,"Female",77,"R",2,"D","N",100,100
2606613287,36,"Male",104,"C",4,"D","N",100,100
2606999349,65,"Male",103,"R",2,"D","N",100,100
2607317920,45,"Male",98,"St",4,"D","N",100,100
2608169185,35,"Male",92,"Se",2,"C","A",97,94
2610108433,32,"Male",52,"St",2,"D","N",85,89
2610148407,28,"Female",71,"C",4,"D","N",22,71
2613490914,47,"Female",151,"G",2,"C","N",95,94
2614221764,26,"Male",45,"Se",3,"D","N",63,30
2616648799,30,"Male",54,"R",1,"D","N",100,100
2617281385,49,"Male",318,"Se",1,"C","A",71,80
2621400992,29,"Female",84,"R",2,"C","A",77,86
2621457437,34,"Male",93,"St",3,"D","N",78,73
2622111472,32,"Female",102,"R",1,"C","A",100,100
2623498539,33,"Female",100,"E",3,"D","A",72,85
2625213070,50,"Male",152,"E",3,"C","N",100,100
2626439063,30,"Female",316,"Se",1,"C","A",22,44
2626510828,43,"Male",51,"R",4,"D","A",74,68
2627885983,54,"Female",150,"E",2,"C","N",0,100
2628492089,23,"Male",148,"E",1,"C","N",100,100
2628671710,69,"Male",255,"G",1,"D","N",100,100
2631104350,46,"Female",92,"R",2,"C","N",100,100
2631704573,25,"Male",97,"R",3,"C","N",87,68
2632925552,32,"Female",159,"G",1,"C","N",72,73
2633419201,48,"Female",85,"Se",2,"C","N",49,50
2633987985,47,"Female",165,"R",3,"D","N",100,0
2635179871,38,"Male",69,"G",1,"D","N",100,100
2635347294,36,"Male",188,"R",1,"C","A",100,100
2635472589,32,"Female",94,"St",3,"C","A",49,100
2636479311,42,"Female",364,"R",1,"C","A",100,100
2637736377,37,"Male",224,"G",2,"C","A",100,100
2638215133,28,"Female",192,"E",2,"C","A",89,85
2643032169,54,"Male",497,"C",2,"D","A",100,100
2643932079,32,"Female",91,"C",2,"D","N",100,100
2645468627,44,"Male",407,"Se",2,"C","N",99,100
2650157902,25,"Male",208,"Se",2,"C","A",54,100
2650687730,29,"Male",309,"G",3,"D","N",100,100
2651323561,25,"Female",91,"G",1,"C","A",100,99
2651493660,27,"Female",85,"C",3,"D","A",0,100
2652182162,34,"Male",212,"R",1,"D","N",50,100
2652459709,40,"Female",107,"R",2,"D","N",100,100
2653745466,26,"Male",39,"G",4,"C","A",81,78
2654587887,27,"Male",118,"R",1,"C","A",68,84
2656165522,37,"Male",387,"Se",4,"C","A",81,67
2656574444,32,"Female",151,"G",4,"D","N",100,42
2658323045,26,"Female",122,"E",4,"D","N",8,71
2658709473,24,"Female",96,"G",4,"D","N",100,100
2664950262,26,"Male",141,"St",3,"C","N",0,100
2664959805,34,"Female",131,"R",4,"D","N",99,51
2666779589,35,"Male",117,"R",3,"C","N",68,80
2667565145,43,"Male",95,"Se",4,"C","N",68,69
2671082128,31,"Female",52,"G",1,"D","N",100,100
2672061095,35,"Female",73,"St",1,"C","A",79,66
2673537450,31,"Female",83,"G",1,"D","N",100,100
2674074194,37,"Female",171,"Se",3,"D","N",0,32
2674401351,35,"Male",156,"St",1,"C","A",19,87
2674459193,27,"Male",217,"R",1,"C","N",100,100
2674871953,47,"Male",180,"C",3,"D","A",100,100
2675390320,34,"Female",107,"St",2,"C","A",61,25
2678237113,61,"Female",75,"St",4,"C","N",80,62
2680026717,74,"Male",131,"R",4,"C","N",18,86
2683232484,35,"Male",103,"G",3,"D","A",82,93
2683581587,28,"Male",284,"Se",3,"D","A",75,63
2684751548,34,"Female",147,"St",2,"D","N",64,48
2684974806,47,"Male",151,"E",1,"C","A",100,90
2687136042,24,"Male",44,"G",3,"C","A",100,79
2687701313,32,"Female",54,"G",1,"D","A",100,100
2689021948,25,"Male",49,"St",1,"D","N",75,24
2689242326,26,"Male",145,"Se",3,"C","N",71,77
2689393092,31,"Female",74,"Se",1,"C","A",100,100
2691339646,35,"Male",125,"Se",2,"D","A",100,100
2691985222,30,"Male",105,"R",2,"D","N",79,81
2694500711,44,"Male",70,"G",3,"C","A",81,89
2695957487,39,"Female",155,"Se",4,"D","A",93,94
2697847088,76,"Female",268,"St",4,"C","N",25,77
2700160466,39,"Female",114,"Se",4,"D","A",100,100
2700327400,26,"Female",215,"Se",2,"D","N",100,100
2702063305,32,"Male",32,"Se",4,"C","N",100,0
2702966340,28,"Male",114,"E",4,"D","A",82,89
2704091451,23,"Male",44,"G",1,"D","N",82,77
2704295499,29,"Male",112,"G",3,"C","N",67,65
2706429286,32,"Male",34,"Se",3,"C","A",88,82
2707537001,39,"Male",60,"E",1,"D","A",100,100
2709347246,49,"Female",197,"E",2,"C","A",100,100
2710154460,27,"Female",174,"G",4,"D","A",95,98
2710898901,65,"Female",262,"R",4,"C","N",67,68
2711876907,43,"Male",54,"R",2,"D","A",75,75
2712130224,33,"Female",252,"G",4,"D","A",85,64
2712213103,34,"Female",87,"St",1,"C","N",100,100
2713103426,27,"Male",141,"R",1,"D","A",100,100
2713306379,24,"Male",100,"R",3,"D","N",100,0
2716106867,53,"Female",128,"G",2,"C","A",100,91
2717138497,38,"Female",278,"St",2,"D","N",43,80
2720021770,30,"Female",86,"E",4,"C","N",58,100
2721839531,57,"Male",139,"Se",4,"C","N",100,51
2722447113,34,"Female",132,"St",1,"D","N",100,100
2722986699,23,"Male",113,"St",1,"C","N",100,100
2723762662,33,"Male",477,"Se",2,"D","A",100,15
2728347797,65,"Female",141,"G",3,"C","N",59,63
2729878571,38,"Male",74,"E",1,"C","N",100,75
2729947543,26,"Male",119,"Se",3,"D","A",80,81
2731985972,49,"Female",304,"Se",3,"D","N",100,100
2732650446,42,"Male",91,"R",1,"D","A",100,100
2733813898,22,"Female",261,"E",2,"D","A",99,99
2734205714,46,"Female",129,"G",4,"D","A",0,100
2734414313,35,"Male",61,"E",4,"C","A",75,41
2737428614,65,"Male",179,"G",4,"C","A",68,68
2737508579,39,"Male",191,"St",4,"D","A",75,69
2738024520,73,"Female",172,"St",1,"D","N",100,100
2738210695,29,"Male",100,"Se",3,"D","A",82,89
2739464207,28,"Male",205,"G",3,"C","A",100,100
2739763073,32,"Male",45,"R",1,"D","N",100,100
2740770473,28,"Female",50,"E",3,"D","N",100,51
2740954751,50,"Male",115,"R",3,"C","A",100,100
2742504456,36,"Male",79,"G",3,"D","A",100,100
2743435876,37,"Male",145,"St",2,"D","A",49,61
2746707561,25,"Female",83,"G",3,"C","N",45,64
2746848539,69,"Male",301,"C",2,"D","A",50,100
2751168299,34,"Male",109,"C",2,"D","N",51,83
2751200530,35,"Female",280,"R",3,"C","A",86,100
2752628782,35,"Female",125,"E",1,"C","N",100,100
2754678319,37,"Male",279,"R",3,"C","N",61,81
2757073034,42,"Female",53,"R",1,"D","N",100,100
2757751347,25,"Female",116,"Se",2,"D","N",0,61
2758109533,25,"Female",61,"E",4,"C","N",20,69
2758171484,57,"Female",99,"E",4,"D","A",100,76
2759276747,32,"Male",432,"C",3,"D","N",100,100
2759969979,56,"Female",56,"R",4,"C","A",100,87
2760473478,29,"Female",356,"R",3,"D","A",79,86
2760533820,36,"Female",155,"Se",1,"C","N",13,70
2764718049,40,"Female",75,"R",1,"C","N",100,100
2765396389,36,"Male",108,"G",1,"C","A",76,56
2765704982,31,"Male",527,"E",4,"C","A",100,100
2767121503,26,"Male",72,"Se",4,"D","N",89,87
2767427972,35,"Male",155,"St",3,"D","A",100,100
2767755290,30,"Male",207,"E",3,"D","N",32,88
2769248227,54,"Female",121,"Se",4,"C","A",100,100
2769489910,30,"Female",70,"R",1,"C","A",51,14
2769948159,29,"Male",151,"G",4,"C","A",25,100
2770174748,38,"Male",102,"R",3,"C","A",34,96
2770248968,32,"Male",200,"G",1,"D","A",70,92
2770602906,43,"Male",117,"R",2,"D","A",88,73
2770820973,24,"Male",103,"Se",3,"D","N",67,100
2772394894,36,"Female",59,"E",3,"D","N",85,19
2772899038,67,"Female",180,"G",2,"D","N",100,100
2773229938,28,"Female",119,"E",1,"D","A",100,100
2773268096,45,"Male",103,"R",2,"D","A",100,100
2773719154,48,"Female",143,"St",1,"C","A",100,87
2774598588,29,"Female",40,"E",2,"D","N",79,90
2776465528,34,"Male",128,"G",3,"D","A",100,100
2780114094,61,"Female",153,"Se",4,"C","N",70,81
2781187222,26,"Male",123,"R",4,"D","N",66,75
2783796161,38,"Male",100,"R",4,"C","N",91,86
2785332949,37,"Male",113,"C",4,"D","A",100,100
2785497498,34,"Male",224,"G",1,"D","A",82,89
2786405366,26,"Male",95,"E",2,"D","N",51,52
2787519884,34,"Male",184,"E",2,"D","N",79,82
2789484669,29,"Male",88,"R",1,"D","N",100,93
2790430555,48,"Male",116,"St",2,"D","N",100,72
2792984464,33,"Male",567,"St",3,"D","A",78,92
2793830826,29,"Female",113,"G",3,"C","N",96,98
2794296065,39,"Male",81,"C",4,"D","A",94,83
2795503905,41,"Female",54,"E",4,"D","N",69,74
2796832921,42,"Female",67,"G",3,"D","N",0,100
2797081808,45,"Male",272,"C",4,"D","N",100,100
2797405787,25,"Male",40,"E",4,"D","N",100,0
2798916120,37,"Male",768,"E",1,"C","N",84,14
2801116409,52,"Female",145,"C",4,"D","A",0,100
2801401250,39,"Male",185,"Se",4,"D","N",84,96
2801558861,43,"Female",51,"R",3,"D","A",94,87
2802090033,37,"Male",231,"G",3,"D","A",100,100
2805295685,45,"Male",177,"C",4,"D","N",100,100
2806768529,28,"Female",98,"St",1,"C","N",94,78
2806963782,39,"Male",354,"Se",4,"D","A",100,100
2808177729,22,"Male",36,"G",4,"D","A",77,37
2813943583,51,"Female",54,"E",4,"D","N",70,83
2813966432,29,"Female",64,"G",1,"C","A",100,97
2814837733,31,"Male",74,"E",4,"C","N",25,100
2815001720,29,"Male",107,"St",4,"C","N",74,87
2816024542,35,"Male",131,"St",4,"D","A",58,34
2817317734,40,"Male",240,"E",1,"D","N",38,53
2817581417,30,"Female",259,"Se",1,"C","N",70,71
2817814851,40,"Female",194,"Se",2,"C","A",100,100
2818118322,45,"Male",500,"St",1,"D","N",100,100
2820358030,26,"Male",41,"St",1,"C","N",46,50
2821094800,33,"Female",77,"St",2,"D","A",49,100
2821324812,37,"Female",140,"Se",4,"C","A",100,100
2823302142,35,"Female",167,"E",4,"C","A",100,100
2826284019,78,"Male",131,"G",1,"C","A",100,100
2826718038,35,"Male",115,"Se",1,"D","A",71,41
2827815460,60,"Female",108,"R",1,"D","A",94,69
2829272300,42,"Female",825,"C",1,"D","A",65,65
2831255386,36,"Male",142,"G",4,"C","N",25,82
2831721045,59,"Male",108,"R",2,"C","N",73,89
2833232900,29,"Female",369,"G",4,"C","N",98,91
2833621202,43,"Female",206,"St",2,"C","N",37,37
2834300336,18,"Female",150,"Se",3,"D","N",100,100
2836538266,32,"Male",298,"St",4,"D","A",56,83
2836558108,45,"Male",66,"G",3,"D","N",0,100
2837010030,36,"Female",86,"G",1,"C","N",100,72
2837650837,29,"Male",123,"G",1,"C","A",89,93
2841463893,24,"Male",57,"Se",1,"C","N",87,85
2842070958,31,"Female",125,"Se",4,"C","A",100,100
2843668974,29,"Female",78,"St",1,"C","A",75,97
2843871852,35,"Female",181,"G",3,"C","A",77,91
2845087128,38,"Female",206,"R",2,"C","N",100,100
2846170175,27,"Male",800,"St",1,"D","N",100,100
2846570751,28,"Male",40,"E",1,"D","A",79,100
2846789147,40,"Male",685,"C",3,"D","A",100,100
2847289672,20,"Male",170,"G",3,"D","N",100,100
2849888051,34,"Male",95,"C",4,"D","N",51,97
2850680804,26,"Male",53,"R",4,"C","N",24,87
2851851395,39,"Female",70,"E",3,"C","N",38,100
2852237703,24,"Female",355,"Se",4,"C","A",71,47
2853458779,33,"Male",182,"R",3,"C","A",29,100
2855609535,22,"Male",87,"E",2,"C","N",31,73
2858836137,24,"Male",69,"E",4,"D","A",66,20
2859194379,27,"Male",78,"St",4,"D","A",72,77
2859751960,48,"Male",360,"C",2,"D","A",0,100
2862774997,24,"Male",41,"R",4,"D","A",100,100
2862886707,34,"Male",67,"St",4,"C","A",68,22
2863103998,39,"Male",51,"C",3,"D","A",82,26
2864142623,43,"Male",99,"C",3,"D","A",10,89
2865315197,37,"Male",83,"G",4,"D","N",100,100
2865507465,30,"Male",109,"St",3,"D","A",60,84
2866327138,28,"Female",327,"St",3,"D","A",100,92
2867742068,33,"Male",61,"E",1,"D","A",68,51
2868735773,55,"Male",139,"C",4,"D","A",0,100
2873162193,56,"Female",406,"R",3,"C","A",100,100
2875011805,34,"Male",46,"St",3,"C","N",70,80
2875461225,26,"Male",235,"E",4,"D","A",84,89
2877003843,24,"Male",104,"E",2,"D","A",49,76
2879180298,60,"Male",156,"Se",3,"C","A",0,100
2881819561,34,"Female",244,"St",3,"C","N",32,81
2882344967,40,"Male",262,"St",2,"D","N",100,100
2882596850,34,"Male",93,"R",3,"D","A",82,56
2882637168,29,"Female",144,"Se",1,"C","N",90,67
2882949465,34,"Male",78,"R",2,"D","A",100,100
2885256386,36,"Male",75,"C",4,"D","A",10,77
2885468556,35,"Female",174,"R",1,"C","A",88,12
2886996017,28,"Male",172,"R",2,"C","N",93,100
2889375042,23,"Female",339,"Se",1,"C","A",100,100
2890065750,29,"Male",129,"R",3,"D","A",85,66
2891397775,64,"Male",135,"Se",3,"C","N",28,0
2891742450,30,"Male",79,"Se",4,"C","N",17,68
2895654912,27,"Male",109,"St",3,"D","N",51,100
2895696729,62,"Male",228,"G",3,"D","N",100,100
2897025627,56,"Female",79,"Se",2,"C","A",77,68
2897501270,26,"Male",156,"St",2,"C","A",100,100
2899034827,26,"Male",101,"E",1,"C","N",76,76
2899075237,45,"Female",129,"St",3,"D","A",0,100
2901313766,32,"Male",80,"G",3,"C","N",100,100
2903452047,45,"Female",57,"G",1,"C","A",100,100
2903971286,36,"Male",134,"E",4,"C","A",100,100
2907770766,25,"Male",172,"St",3,"D","N",0,100
2916941214,55,"Male",111,"E",1,"D","A",100,100
2917918455,45,"Female",113,"Se",3,"D","N",100,100
2918927705,39,"Female",254,"St",4,"C","A",18,94
2920048837,27,"Female",167,"G",3,"C","N",100,100
2920247719,63,"Male",88,"G",1,"C","N",100,100
2920958408,32,"Female",118,"Se",1,"D","N",90,95
2920961171,41,"Male",195,"Se",1,"C","N",57,44
2921054290,33,"Female",159,"Se",2,"D","A",70,63
2922331524,43,"Female",76,"Se",1,"D","A",0,97
2922986881,49,"Female",118,"E",3,"C","A",100,100
2925161166,42,"Female",97,"R",1,"C","N",100,99
2925275427,30,"Male",382,"St",2,"C","N",100,0
2925818806,30,"Male",42,"R",4,"C","A",100,100
2927019835,31,"Female",80,"C",2,"D","N",100,100
2927408859,30,"Male",82,"E",2,"D","N",0,100
2928294171,42,"Male",133,"R",2,"C","A",100,100
2928324353,58,"Female",129,"St",1,"D","A",100,100
2932011964,31,"Female",132,"E",2,"D","N",100,100
2933727315,41,"Male",83,"R",3,"D","N",66,66
2934055705,48,"Male",69,"E",2,"D","N",60,32
2939367206,34,"Female",143,"R",4,"D","A",73,51
2940361466,37,"Male",158,"E",4,"D","N",0,100
2940994421,34,"Female",155,"Se",3,"C","N",47,82
2942097084,49,"Female",88,"R",1,"D","N",100,100
2942534482,25,"Female",301,"R",3,"D","N",100,100
2945561213,25,"Male",46,"Se",2,"D","A",80,85
2947272069,19,"Male",104,"Se",1,"D","A",100,100
2947490457,33,"Female",265,"E",3,"D","A",100,100
2949889893,47,"Female",304,"G",3,"C","N",62,55
2951265192,36,"Male",70,"St",2,"D","N",0,100
2953778102,42,"Male",107,"St",2,"C","N",68,85
2954046005,26,"Male",287,"R",4,"D","N",74,62
2956703492,68,"Female",252,"E",3,"D","N",100,100
2958021691,43,"Male",83,"G",1,"D","A",100,100
2958386892,45,"Male",98,"R",3,"D","N",100,100
2959046814,39,"Male",99,"Se",4,"D","N",100,100
2960247293,25,"Female",65,"Se",1,"D","A",72,66
2963540482,64,"Female",96,"R",1,"D","A",51,52
2965399947,44,"Male",71,"G",2,"D","N",0,51
2966344200,29,"Male",77,"Se",2,"C","A",100,100
2967765218,35,"Female",342,"St",2,"D","N",42,83
2968502728,31,"Male",178,"Se",1,"C","N",100,100
2970548006,40,"Male",248,"Se",4,"C","A",100,100
2971118718,29,"Male",78,"G",4,"C","A",84,58
2971718697,31,"Male",59,"Se",1,"D","N",100,100
2973982005,29,"Male",81,"R",4,"D","A",100,100
2974024674,29,"Female",121,"St",1,"C","N",100,100
2974294085,29,"Female",86,"G",3,"D","N",87,74
2976718551,33,"Male",120,"Se",1,"D","A",49,81
2977610839,27,"Female",72,"Se",1,"D","N",69,54
2977971876,30,"Male",166,"R",2,"D","A",75,95
2979779464,31,"Male",233,"St",1,"C","A",74,85
2981461882,78,"Male",200,"R",4,"D","N",95,69
2981860367,29,"Female",41,"R",3,"C","N",64,46
2982235645,54,"Male",99,"E",3,"C","N",0,100
2984433576,27,"Male",59,"Se",4,"C","A",80,75
2986026833,28,"Male",43,"R",1,"C","N",100,100
2987135329,31,"Male",94,"Se",3,"D","N",100,82
2988268288,45,"Female",264,"E",1,"D","N",22,17
2989237717,32,"Male",88,"R",3,"C","N",100,100
2989699598,27,"Male",749,"St",1,"D","A",100,100
2994237061,33,"Female",34,"Se",3,"C","N",78,0
2994524629,54,"Male",96,"G",2,"D","A",29,51
2996001823,62,"Female",118,"Se",2,"D","A",89,100
2996161106,58,"Male",174,"St",3,"C","A",78,42
2998620011,33,"Female",76,"Se",1,"D","A",100,92
3100027146,29,"Female",127,"C",1,"D","A",100,100
3104599357,47,"Male",250,"R",3,"D","A",0,100
3104995074,37,"Male",39,"R",4,"C","A",27,67
3110275079,54,"Male",289,"C",3,"C","N",81,87
3111499238,40,"Male",88,"C",4,"C","N",100,100
3114493915,21,"Male",86,"Se",3,"C","A",68,78
3114681299,27,"Male",116,"E",4,"C","A",91,45
3117626979,27,"Female",185,"C",2,"C","A",73,77
3120335052,24,"Male",245,"Se",1,"C","N",67,62
3122492980,31,"Female",71,"C",3,"C","N",100,100
3122509924,49,"Male",654,"C",3,"C","N",100,100
3129947452,32,"Male",110,"C",2,"D","A",100,100
3133147565,64,"Female",157,"E",2,"C","A",98,97
3143669602,25,"Female",388,"C",4,"C","N",100,100
3146070877,30,"Male",43,"C",1,"C","N",100,100
3146993587,47,"Male",60,"C",3,"C","A",63,67
3149911244,31,"Male",115,"St",1,"D","N",100,100
3154294510,61,"Male",128,"G",3,"D","N",100,100
3157103546,45,"Female",83,"St",1,"C","N",32,84
3163114268,25,"Female",138,"G",3,"D","A",31,74
3163583705,75,"Male",87,"E",1,"C","N",89,79
3164197209,25,"Male",978,"St",4,"C","N",60,89
3167117054,28,"Male",1675,"R",4,"C","A",100,100
3167323323,57,"Female",123,"G",2,"C","A",82,82
3173643660,40,"Male",282,"E",2,"D","A",86,85
3174453252,28,"Male",70,"St",4,"C","A",100,100
3175308955,40,"Male",88,"C",1,"C","N",80,93
3177791427,39,"Female",191,"St",1,"C","N",63,100
3180899970,24,"Female",144,"Se",1,"D","N",79,97
3182293419,24,"Female",58,"E",1,"C","N",82,23
3184585218,37,"Other",145,"St",4,"C","N",27,70
3188580669,25,"Male",120,"C",4,"C","N",45,65
3188734182,31,"Other",76,"G",4,"C","A",100,100
3190632707,31,"Female",179,"C",1,"C","N",80,64
3191936583,52,"Male",166,"Se",4,"D","A",90,75
3195694463,36,"Male",160,"C",3,"C","N",76,99
3196766896,49,"Female",98,"C",3,"C","N",63,85
3204118886,21,"Male",212,"E",3,"D","A",100,95
3204334642,22,"Female",85,"C",3,"D","N",100,100
3204526598,46,"Female",87,"G",2,"C","N",80,59
3206944349,24,"Male",46,"Se",3,"D","N",68,100
3207698275,38,"Female",71,"C",4,"C","A",66,70
3209610062,38,"Male",64,"G",3,"C","A",100,66
3212758446,31,"Male",117,"G",2,"C","N",51,77
3224089901,40,"Female",88,"E",4,"D","A",86,65
3224495806,35,"Female",98,"G",2,"C","N",100,100
3226852429,36,"Male",66,"C",1,"C","A",77,84
3227765166,34,"Male",58,"C",2,"C","A",100,100
3230491913,45,"Female",146,"C",2,"C","A",89,100
3231394992,41,"Female",145,"C",2,"C","N",100,100
3233195790,48,"Female",1001,"C",1,"C","A",100,100
3233802089,42,"Male",82,"C",4,"C","A",76,100
3234369611,20,"Female",59,"R",2,"C","A",81,70
3234908882,66,"Female",180,"E",3,"C","A",100,100
3237546009,62,"Female",116,"C",4,"C","A",100,100
3237554034,34,"Male",228,"St",4,"C","N",72,75
3242335758,44,"Male",285,"C",1,"C","N",100,100
3246223548,54,"Female",303,"Se",3,"C","N",27,82
3246761589,55,"Male",98,"C",1,"C","A",100,100
3252080620,31,"Male",163,"R",3,"C","A",100,71
3252813306,27,"Female",80,"C",1,"C","A",74,71
3255963764,30,"Female",85,"E",2,"D","A",100,100
3258103478,29,"Male",77,"Se",4,"D","N",100,100
3258713850,34,"Male",89,"C",4,"C","N",100,100
3260958387,28,"Male",56,"C",4,"C","A",66,64
3264620195,52,"Male",91,"C",2,"C","A",100,100
3265603185,60,"Male",82,"C",2,"C","A",85,86
3268567500,67,"Female",381,"St",4,"D","N",93,95
3270864207,35,"Male",58,"St",1,"C","A",90,95
3273880325,57,"Female",233,"E",3,"D","A",100,87
3274174810,47,"Female",174,"C",2,"C","N",59,79
3275312414,68,"Male",173,"C",2,"C","A",92,88
3280798367,60,"Female",187,"Se",2,"C","N",51,91
3282960768,52,"Female",56,"St",2,"D","N",100,83
3287151569,42,"Male",184,"St",4,"D","A",63,57
3291970767,65,"Male",268,"E",4,"C","N",0,100
3296116045,31,"Male",173,"C",3,"C","A",74,85
3297234147,23,"Female",74,"C",2,"C","N",100,89
3306232927,33,"Female",100,"C",3,"C","N",100,100
3309272525,44,"Male",318,"C",1,"C","N",69,100
3309611922,37,"Male",155,"C",4,"C","N",100,100
3321016911,24,"Female",207,"St",2,"C","N",60,38
3323596613,35,"Male",98,"St",3,"C","N",61,29
3324231752,30,"Male",62,"C",2,"C","N",69,77
3325080264,30,"Male",76,"Se",4,"C","N",79,73
3326928366,42,"Male",109,"C",2,"C","N",25,76
3328270558,37,"Male",39,"E",2,"C","N",75,22
3328492846,21,"Male",127,"St",4,"C","N",0,86
3333772500,35,"Female",52,"E",2,"D","A",100,100
3334583347,50,"Male",58,"Se",2,"C","A",98,100
3336429409,24,"Male",74,"E",1,"C","N",100,100
3338563579,34,"Female",76,"R",4,"D","N",100,100
3341697149,28,"Male",53,"R",2,"C","A",75,97
3344751167,50,"Female",88,"C",4,"C","N",0,100
3345414690,25,"Male",132,"E",1,"C","N",70,60
3346784360,66,"Female",50,"C",4,"D","N",87,86
3347142528,50,"Female",86,"C",1,"C","N",100,100
3348564743,47,"Female",56,"E",3,"C","A",81,100
3354130937,57,"Female",117,"Se",2,"D","A",100,100
3354836278,36,"Female",502,"G",2,"D","N",100,100
3355184891,24,"Male",100,"St",3,"C","A",62,53
3358242302,31,"Male",74,"R",2,"C","N",61,81
3361616317,66,"Male",224,"Se",3,"C","A",63,23
3362428069,28,"Male",60,"C",2,"C","A",100,100
3362990911,48,"Female",118,"R",1,"D","N",100,100
3367980925,40,"Male",78,"Se",2,"C","N",81,100
3368369273,30,"Male",34,"C",2,"C","A",100,100
3374006998,29,"Female",152,"St",2,"D","A",100,100
3374190150,40,"Male",68,"Se",2,"C","N",100,100
3376888053,38,"Male",45,"C",3,"C","N",51,64
3378265014,49,"Male",254,"St",3,"D","A",0,100
3382140531,24,"Female",71,"C",3,"C","A",100,77
3386557654,37,"Male",57,"C",4,"C","A",100,100
3387818844,40,"Female",43,"C",3,"D","N",100,100
3388479832,33,"Male",1120,"C",3,"C","A",100,92
3390443421,25,"Male",85,"E",4,"C","N",3,98
3390870316,53,"Male",34,"G",4,"D","A",87,79
3391439136,39,"Male",88,"Se",1,"C","A",100,100
3392647876,62,"Male",90,"E",4,"D","A",68,63
3393708796,42,"Male",85,"C",1,"C","A",100,100
3400600763,35,"Male",64,"G",3,"C","N",24,42
3404588272,27,"Male",75,"G",4,"C","A",85,100
3408649104,38,"Male",68,"C",3,"D","A",0,100
3410450838,60,"Male",30,"St",1,"D","A",56,72
3411045464,29,"Female",218,"St",4,"D","A",71,71
3414837724,32,"Male",227,"C",3,"C","N",100,100
3419300814,50,"Female",300,"G",2,"D","N",100,85
3421104306,50,"Female",83,"R",3,"D","N",82,73
3422355145,34,"Male",79,"C",2,"C","N",0,100
3424684816,26,"Male",84,"St",2,"D","N",79,91
3430049242,34,"Male",190,"C",3,"C","A",70,80
3433073182,22,"Male",121,"C",3,"C","A",10,96
3434805354,32,"Female",399,"G",2,"C","A",42,82
3435183296,37,"Female",102,"R",1,"C","N",100,100
3437640011,32,"Male",158,"Se",3,"C","A",99,100
3438670382,26,"Male",112,"R",1,"C","N",100,100
3440543173,22,"Male",53,"C",4,"C","N",69,91
3442056968,27,"Male",83,"C",4,"C","A",100,100
3446525383,38,"Male",78,"St",4,"D","A",100,100
3453889029,26,"Male",75,"G",2,"D","A",36,68
3454047104,32,"Female",97,"Se",4,"D","N",16,57
3455405929,39,"Male",88,"C",2,"C","A",100,85
3459708295,39,"Male",213,"St",3,"C","A",99,100
3460702044,30,"Female",249,"C",1,"C","N",67,32
3462673900,38,"Female",133,"C",2,"D","N",100,100
3464851034,26,"Female",67,"C",2,"C","A",76,74
3465252927,34,"Male",241,"R",3,"C","N",100,100
3466301786,35,"Male",74,"R",2,"D","A",99,95
3468909106,42,"Male",72,"C",2,"C","A",100,100
3470433272,34,"Female",125,"C",1,"C","N",100,100
3476883294,33,"Male",135,"C",2,"C","N",100,100
3479355316,21,"Male",81,"Se",3,"C","N",70,79
3480298661,49,"Male",218,"St",1,"C","A",100,100
3487501468,44,"Male",67,"C",1,"C","A",39,80
3497628795,24,"Male",91,"R",1,"D","A",0,100
3500183515,60,"Female",90,"C",2,"C","A",28,13
3502504568,28,"Male",573,"C",4,"C","N",84,98
3503759572,29,"Male",73,"E",3,"C","A",100,100
3505711838,29,"Male",265,"G",4,"C","A",83,86
3508124875,42,"Male",151,"E",3,"C","A",100,100
3513940235,68,"Male",61,"Se",1,"D","N",55,37
3514239668,36,"Female",155,"C",1,"C","A",100,76
3514778758,43,"Female",65,"C",3,"C","A",100,100
3514958495,25,"Male",107,"E",1,"D","N",86,88
3517549461,30,"Female",236,"C",2,"C","N",51,100
3519218524,23,"Female",44,"Se",4,"C","N",0,100
3522492980,62,"Female",225,"C",2,"C","A",100,100
3524546756,31,"Male",107,"C",2,"C","A",91,80
3526084352,25,"Female",113,"C",3,"C","N",64,85
3527073587,24,"Female",106,"St",4,"C","A",58,56
3529117137,37,"Male",71,"St",4,"C","N",24,4
3532844403,25,"Female",99,"R",1,"D","A",56,28
3539739030,34,"Other",78,"R",3,"C","A",100,100
3545457620,25,"Male",144,"C",4,"C","N",100,100
3547076453,39,"Male",94,"E",2,"C","A",87,100
3549303019,25,"Male",94,"C",1,"C","N",100,91
3552007875,42,"Male",170,"C",1,"C","A",100,100
3552672598,36,"Female",218,"R",2,"C","N",100,100
3553170362,36,"Female",116,"G",4,"D","A",48,34
3553357949,31,"Female",51,"C",3,"C","A",100,100
3560765524,29,"Male",115,"R",2,"C","A",98,100
3562457074,29,"Female",92,"C",2,"C","A",100,100
3563712207,44,"Female",62,"E",4,"C","N",59,100
3566794320,30,"Female",111,"C",4,"C","N",70,100
3567794565,31,"Male",77,"St",3,"D","N",65,55
3571666752,28,"Female",221,"St",3,"D","N",80,85
3572200375,66,"Female",124,"C",2,"C","A",100,100
3575510382,26,"Male",42,"C",3,"C","A",100,100
3576406438,33,"Male",292,"C",2,"C","N",39,54
3576829009,60,"Female",99,"C",3,"C","N",100,100
3577183323,33,"Female",758,"G",2,"C","N",100,100
3577652343,48,"Male",144,"E",1,"D","A",100,100
3580946852,28,"Male",51,"C",1,"D","A",65,76
3588546213,40,"Female",71,"C",4,"C","A",89,100
3589922891,31,"Male",330,"St",3,"D","N",100,100
3591347065,33,"Male",128,"C",2,"C","A",100,100
3594816260,69,"Male",89,"R",2,"D","A",100,87
3595320509,35,"Female",53,"C",4,"C","A",65,24
3597527866,58,"Male",136,"C",1,"C","N",89,94
3598411563,31,"Male",89,"C",3,"D","N",99,91
3599729216,30,"Male",57,"Se",4,"C","A",100,80
3602598371,57,"Female",93,"C",2,"C","N",100,100
3611798246,32,"Male",140,"E",4,"C","A",66,77
3618917161,25,"Male",135,"G",1,"C","N",9,88
3620915966,59,"Male",77,"E",1,"D","N",90,75
3621662808,39,"Female",467,"G",1,"D","N",81,75
3629021754,57,"Female",261,"C",4,"C","A",0,100
3633009615,25,"Female",46,"C",1,"C","N",73,62
3633373654,47,"Female",110,"C",4,"C","A",77,74
3638777657,52,"Female",218,"R",3,"D","A",51,7
3638914888,23,"Female",294,"St",2,"D","A",100,100
3641794468,33,"Female",135,"C",3,"C","A",100,100
3642606257,20,"Female",69,"C",2,"C","A",100,100
3642799275,31,"Female",306,"St",4,"D","A",80,57
3644437491,40,"Male",120,"Se",1,"C","N",95,98
3648341068,32,"Male",836,"R",4,"C","N",100,100
3648655953,29,"Female",98,"Se",4,"C","N",98,98
3648891766,27,"Male",81,"C",1,"C","N",100,100
3649224576,26,"Male",240,"C",3,"C","A",74,92
3652066776,29,"Male",75,"C",2,"D","A",59,47
3652773804,62,"Female",263,"St",3,"D","N",100,100
3653844051,53,"Female",212,"C",4,"C","A",53,74
3655736059,28,"Male",118,"C",2,"C","A",64,74
3657867469,34,"Female",59,"Se",4,"C","N",100,100
3659092861,36,"Male",112,"C",4,"D","N",85,100
3662271382,38,"Female",122,"E",1,"D","N",89,100
3664802815,35,"Female",43,"C",2,"C","N",100,100
3665602576,35,"Male",118,"C",2,"C","N",86,27
3666539728,30,"Male",109,"Se",4,"D","N",75,99
3668328201,32,"Male",133,"E",2,"D","A",85,79
3669069862,26,"Female",92,"C",2,"C","N",100,100
3675861305,23,"Male",166,"C",2,"D","A",100,100
3677259818,20,"Male",53,"C",2,"D","N",78,78
3679932721,40,"Female",106,"C",4,"C","A",100,82
3684501891,36,"Female",61,"C",2,"C","N",71,66
3686833404,26,"Female",71,"G",4,"C","N",15,29
3690182346,43,"Male",69,"R",1,"C","A",56,27
3698016088,31,"Male",208,"St",2,"C","A",50,78
3698629389,45,"Female",100,"C",1,"C","N",100,100
3699639777,21,"Male",52,"C",1,"C","N",100,100
3706443512,69,"Male",94,"E",3,"C","A",100,100
3707460091,41,"Female",156,"St",2,"D","A",50,100
3713002008,30,"Male",86,"C",1,"D","N",100,81
3713414197,20,"Male",56,"G",2,"D","N",30,79
3719878497,38,"Male",102,"Se",4,"C","N",79,86
3721455376,40,"Female",23,"C",1,"C","A",92,71
3723920383,27,"Male",43,"St",3,"C","N",85,93
3724486034,36,"Female",91,"C",1,"C","A",75,73
3724929490,33,"Male",137,"G",4,"D","N",100,69
3727811652,23,"Female",54,"Se",3,"C","A",100,100
3733393620,37,"Male",72,"St",3,"C","N",51,74
3734388305,31,"Male",54,"G",4,"C","N",100,100
3737408502,44,"Male",469,"R",3,"D","N",100,85
3737464224,28,"Female",52,"C",1,"C","A",100,100
3740133468,55,"Female",502,"C",4,"C","N",23,51
3742530171,59,"Female",238,"C",1,"C","A",12,100
3743604884,30,"Female",2082,"St",4,"C","N",98,100
3747705302,33,"Male",59,"C",4,"C","N",65,33
3748018578,30,"Female",97,"St",3,"D","A",83,100
3748696541,27,"Female",109,"C",3,"C","N",100,100
3750747745,34,"Male",97,"C",4,"C","N",87,100
3760176540,30,"Male",134,"C",1,"C","N",12,89
3760985841,64,"Male",132,"C",3,"C","N",73,58
3763909795,29,"Male",589,"Se",1,"D","N",81,29
3765078968,78,"Male",100,"C",3,"D","N",100,100
3769437155,41,"Male",124,"C",4,"D","A",0,100
3771936220,56,"Male",126,"C",3,"C","A",90,70
3774402700,28,"Male",80,"C",2,"C","N",67,99
3776116389,27,"Male",94,"C",4,"C","A",100,100
3780135070,34,"Male",146,"E",4,"D","N",0,99
3782086003,37,"Male",71,"Se",4,"C","A",90,96
3783890034,25,"Male",52,"G",4,"C","A",0,100
3787441256,48,"Male",70,"C",1,"C","A",100,100
3788077952,46,"Female",262,"Se",4,"C","A",100,100
3794616425,70,"Male",215,"G",4,"D","N",100,100
3796498620,26,"Male",106,"G",4,"C","N",33,77
3797384837,19,"Female",82,"C",2,"C","N",100,99
3802531457,47,"Female",113,"C",3,"C","A",100,100
3806939698,31,"Male",207,"St",4,"C","A",82,86
3808379961,22,"Male",46,"C",4,"C","A",64,44
3809548313,30,"Male",276,"C",1,"D","N",80,81
3810362968,31,"Male",92,"C",2,"C","N",80,100
3812043518,50,"Female",89,"R",1,"D","A",100,100
3816545653,41,"Female",116,"R",1,"D","N",100,88
3820252021,54,"Male",204,"St",3,"C","N",24,100
3821599820,42,"Female",191,"C",1,"C","A",100,80
3822415188,43,"Female",118,"C",2,"D","N",77,87
3822843068,63,"Male",1136,"Se",3,"C","N",70,92
3823923365,39,"Female",170,"R",1,"D","N",71,90
3825926205,52,"Female",73,"R",1,"C","A",100,100
3828927472,50,"Female",174,"C",3,"C","N",85,75
3829654248,30,"Male",442,"St",2,"D","A",96,84
3831834631,28,"Female",94,"St",2,"C","A",100,100
3834179032,54,"Male",58,"St",3,"D","A",39,58
3836959090,36,"Female",57,"R",1,"D","N",100,71
3838492496,38,"Male",181,"C",4,"C","A",24,100
3838979250,28,"Male",403,"E",4,"C","N",65,56
3839985902,52,"Female",61,"St",1,"D","N",34,67
3841099556,42,"Male",117,"C",4,"C","N",24,80
3841919816,33,"Male",74,"R",4,"D","N",100,93
3844143731,35,"Female",71,"C",1,"C","N",100,100
3850133889,47,"Female",232,"Se",2,"D","A",100,89
3850997907,23,"Female",222,"E",1,"D","A",100,100
3851150782,44,"Male",44,"C",2,"D","N",72,65
3851308283,32,"Male",110,"C",3,"C","A",84,33
3852421778,30,"Female",125,"Se",1,"D","A",100,100
3855954148,64,"Female",211,"C",3,"C","N",100,51
3857864570,24,"Male",66,"C",3,"C","N",59,24
3859269576,33,"Female",45,"C",1,"C","A",87,70
3860104245,22,"Female",69,"C",1,"C","N",100,100
3860654354,56,"Female",198,"C",4,"C","N",69,46
3866609930,27,"Male",48,"C",3,"C","A",100,100
3870778001,20,"Male",49,"E",3,"C","N",34,42
3875760388,45,"Male",100,"G",4,"C","A",0,100
3877973054,24,"Male",36,"G",4,"C","A",80,67
3886226124,30,"Male",89,"C",2,"C","N",74,100
3888203514,36,"Male",52,"C",4,"C","A",100,100
3898697589,32,"Male",47,"St",1,"D","A",72,88
3900481356,25,"Male",63,"C",3,"D","A",68,68
3900966109,27,"Male",72,"C",4,"C","N",60,54
3907446455,76,"Male",150,"C",1,"C","A",100,100
3909594532,25,"Male",34,"C",4,"C","A",80,34
3912900224,29,"Female",65,"C",3,"C","A",66,93
3917746362,31,"Male",53,"C",1,"D","N",25,67
3918165346,64,"Female",99,"C",3,"C","A",100,100
3919914290,47,"Male",211,"C",3,"C","N",2,96
3921213680,31,"Male",76,"G",1,"D","N",57,63
3924614303,49,"Female",248,"E",4,"C","N",53,35
3925712096,38,"Male",51,"E",4,"D","A",100,100
3926477714,37,"Female",67,"R",3,"C","N",90,79
3932412455,46,"Female",216,"C",2,"C","A",0,100
3933124293,29,"Female",174,"C",1,"C","A",73,73
3939660624,31,"Female",138,"G",2,"C","A",81,81
3939862325,37,"Female",267,"E",3,"C","N",100,0
3940591053,26,"Female",36,"R",3,"D","N",84,89
3941562804,27,"Male",127,"C",3,"C","N",78,87
3947790058,41,"Male",101,"C",3,"C","N",84,94
3948131390,45,"Male",417,"E",4,"D","A",100,100
3948898157,27,"Male",48,"C",1,"C","N",100,100
3952371154,32,"Male",83,"C",4,"C","A",82,99
3952706116,26,"Male",48,"C",3,"D","N",77,92
3954278144,34,"Male",117,"St",4,"C","A",75,27
3955215804,46,"Female",99,"C",2,"D","A",100,100
3955264921,28,"Male",102,"G",2,"C","A",75,81
3956956451,28,"Male",154,"St",2,"D","A",0,100
3958781235,50,"Female",95,"C",3,"C","A",81,72
3960673578,45,"Female",119,"C",4,"C","N",100,100
3960966032,28,"Male",303,"R",4,"D","N",87,59
3963756422,35,"Female",127,"C",3,"C","A",84,64
3969447567,54,"Male",216,"St",4,"D","N",64,90
3969476875,30,"Male",126,"C",2,"C","N",100,100
3970565787,25,"Female",121,"Se",4,"D","N",70,78
3974727726,30,"Female",109,"C",3,"D","N",100,100
3982815749,40,"Male",89,"C",4,"C","N",100,100
3983902583,32,"Male",66,"St",3,"C","N",73,59
3984918785,39,"Female",119,"Se",2,"C","N",51,49
3986520786,31,"Male",108,"C",4,"C","N",100,100
3987758981,25,"Male",68,"Se",2,"C","N",77,65
3992001387,52,"Male",262,"C",4,"C","A",92,100
3996427599,28,"Female",552,"C",1,"C","A",74,41
4114807693,40,"Male",157,"E",2,"C","N",48,48
4147619219,47,"Male",50,"G",3,"C","N",0,96
4225531536,55,"Female",75,"C",1,"C","A",100,97
4225751145,29,"Female",100,"C",3,"C","N",94,99
4231000944,28,"Female",133,"E",3,"D","N",100,86
4249251252,35,"Female",293,"Se",2,"D","A",0,100
4287792098,53,"Male",123,"C",4,"C","A",100,100
4476328878,32,"Female",91,"G",3,"C","N",100,100
4497717333,45,"Male",221,"Se",1,"C","A",100,100
4549978187,47,"Female",80,"C",2,"C","N",72,100
4578019689,30,"Male",94,"C",1,"C","A",100,100
4623198733,45,"Male",118,"Se",3,"C","N",33,85
4762990527,26,"Male",129,"E",4,"C","N",81,97
4769600130,25,"Male",742,"E",2,"C","A",100,100
4809312908,30,"Female",158,"R",1,"D","A",65,69
4838169853,50,"Female",113,"C",1,"C","N",100,100
4856216307,25,"Male",119,"C",4,"C","N",100,100
4919890096,57,"Female",88,"G",1,"D","N",30,80
4940991188,28,"Male",74,"C",3,"C","N",73,100
4971450507,35,"Female",108,"C",1,"C","N",100,100
5229569183,28,"Female",276,"St",4,"D","N",93,98
5294709926,60,"Male",115,"C",3,"C","A",100,100
5468414495,61,"Male",706,"Se",1,"C","A",100,100
5565858227,43,"Male",48,"E",3,"D","N",0,100
5823503055,25,"Male",119,"St",3,"D","N",70,64
5834463433,48,"Male",45,"C",3,"D","N",63,39
6291520295,45,"Female",277,"Se",1,"C","N",57,59
